subset_mask,subset_digits,cardinality,spectral_radius_s1,lyapunov_exponent
1,{1},1,0.381966011250105,0.962423649442101
2,{2},1,0.171572875253810,1.762747174227641
3,{1,2},2,0.561326919954468,1.200855543226353
4,{3},1,0.091673086804016,2.389526434498634
5,{1,3},2,0.485950466053096,1.234858766907543
6,{2,3},2,0.264559503899203,1.977009227882576
7,{1,2,3},3,0.661843202052408,1.362019541595316
8,{4},1,0.055728090000841,2.887270948992438
9,{1,4},2,0.450133004131671,1.217726179447709
10,{2,4},2,0.229716284028011,2.033932337441868
11,{1,2,4},3,0.626507983187282,1.354892337768199
12,{3,4},2,0.147688565177817,2.576001999710087
13,{1,3,4},3,0.551230322326670,1.402830801078281
14,{2,3,4},3,0.321941420534984,2.132143207767001
15,{1,2,3,4},4,0.725397932620431,1.478392481990554
16,{5},1,0.037087982163740,3.294462292746658
17,{1,5},2,0.430186940010187,1.189937206325098
18,{2,5},2,0.211418920343684,2.034618565405211
19,{1,2,5},3,0.607072985695453,1.338549917129228
20,{3,5},2,0.129364710228206,2.647309124359509
21,{1,3,5},3,0.531826614318613,1.386652855206449
22,{2,3,5},3,0.303687160229951,2.137701794024949
23,{1,2,3,5},4,0.706264624489732,1.467350756068075
24,{4,5},2,0.092896563127350,3.049183792569465
25,{1,4,5},3,0.496448039823298,1.381539707190349
26,{2,4,5},3,0.268719796103611,2.205653560682919
27,{1,2,4,5},4,0.671163553390216,1.465856226789963
28,{3,4,5},3,0.185183824265831,2.718555460079486
29,{1,3,4,5},4,0.595864594976252,1.521988684527464
30,{2,3,4,5},4,0.360623599787898,2.250125915148615
31,{1,2,3,4,5},5,0.769020343332783,1.566832782351479
32,{6},1,0.026334038989724,3.636892917047163
33,{1,6},2,0.417896171533881,1.162340153459951
34,{2,6},2,0.200615864114193,2.016759596212836
35,{1,2,6},3,0.595215685995423,1.321763609007931
36,{3,6},2,0.118773537490186,2.665866328577238
37,{1,3,6},3,0.519974040237766,1.369149350893828
38,{2,3,6},3,0.292961264317023,2.128575391280307
39,{1,2,3,6},4,0.694653966398055,1.455085110346754
40,{4,6},2,0.082249319304370,3.126164756395156
41,{1,4,6},3,0.484526198464820,1.363038986346155
42,{2,4,6},3,0.258016205099332,2.198144338105834
43,{1,2,4,6},4,0.659516541990611,1.453101428072756
44,{3,4,6},3,0.174591089186266,2.735241757312323
45,{1,3,4,6},4,0.584247618231311,1.509153739309710
46,{2,3,4,6},4,0.349949285370560,2.245592946259478
47,{1,2,3,4,6},5,0.757561025873988,1.557096294679816
48,{5,6},2,0.063449438069813,3.436239181198175
49,{1,5,6},3,0.464899936585455,1.344125046820466
50,{2,5,6},3,0.239774911759068,2.210347355147135
51,{1,2,5,6},4,0.640262295564300,1.440735797553216
52,{3,5,6},3,0.156198050205454,2.812405047514233
53,{1,3,5,6},4,0.565047718229320,1.497646875625591
54,{2,3,5,6},4,0.331717128536566,2.256498365049708
55,{1,2,3,5,6},5,0.738557166622463,1.548589726396710
56,{4,5,6},3,0.119356822978060,3.178120017377495
57,{1,4,5,6},4,0.529943458512443,1.499732107501650
58,{2,4,5,6},4,0.296628323862952,2.331035153346761
59,{1,2,4,5,6},5,0.703611644334844,1.550907766434406
60,{3,4,5,6},4,0.211947378666308,2.831600915964572
61,{1,3,4,5,6},5,0.628256978252547,1.612640275983068
62,{2,3,4,5,6},5,0.388379561088024,2.343306900076669
63,{1,2,3,4,5,6},6,0.800755017872611,1.636683462452604
64,{7},1,0.019615387518186,3.931440943016895
65,{1,7},2,0.409775196648267,1.137795573535882
66,{2,7},2,0.193694850409704,1.994002664762462
67,{1,2,7},3,0.587441964933493,1.306767542397225
68,{3,7},2,0.112106196830808,2.661218081012606
69,{1,3,7},3,0.512193757322529,1.353140800297581
70,{2,3,7},3,0.286119984231137,2.115387266909963
71,{1,2,3,7},4,0.687072434639592,1.443845070225880
72,{4,7},2,0.075601706406376,3.157409521836740
73,{1,4,7},3,0.476687610480251,1.345989071421805
74,{2,4,7},3,0.251194507395176,2.185140222543680
75,{1,2,4,7},4,0.651904090776983,1.441355091280627
76,{3,4,7},3,0.167934360952859,2.734598687048617
77,{1,3,4,7},4,0.576649384167088,1.496979449622238
78,{2,3,4,7},4,0.343161171522215,2.236732145499687
79,{1,2,3,4,7},5,0.750096694181124,1.547898791587343
80,{5,7},2,0.056772232226243,3.513838148005988
81,{1,5,7},3,0.457006897802408,1.326107429977519
82,{2,5,7},3,0.232948307775697,2.196885743543930
83,{1,2,5,7},4,0.632618999969523,1.428532435676644
84,{3,5,7},3,0.149546856375750,2.815001719502774
85,{1,3,5,7},4,0.557415577759359,1.484984938127099
86,{2,3,5,7},4,0.324927426843506,2.247448221304182
87,{1,2,3,5,7},5,0.731071182103876,1.539111588733100
88,{4,5,7},3,0.112706125291698,3.202075867569931
89,{1,4,5,7},4,0.522270287193856,1.486503809822182
90,{2,4,5,7},4,0.289858800354784,2.322655751285652
91,{1,2,4,5,7},5,0.696102462044807,1.541099581392480
92,{3,4,5,7},4,0.205298428070394,2.834017176267523
93,{1,3,4,5,7},5,0.620772594303544,1.602688862623047
94,{2,3,4,5,7},5,0.381625189115428,2.336966892890757
95,{1,2,3,4,5,7},6,0.793368805665507,1.628789538188347
96,{6,7},2,0.045960280750018,3.762406805662977
97,{1,6,7},3,0.444918084230012,1.304756526043782
98,{2,6,7},3,0.222221443248710,2.188368455113832
99,{1,2,6,7},4,0.620876933457036,1.414435679081283
100,{3,6,7},3,0.138952605874049,2.843046479794609
101,{1,3,6,7},4,0.545694346073509,1.470729728891840
102,{2,3,6,7},4,0.314241918295939,2.242548814423984
103,{1,2,3,6,7},5,0.719544876996549,1.528557376118123
104,{4,6,7},3,0.102026294939148,3.279911225284593
105,{1,4,6,7},4,0.510495316303590,1.471721851609153
106,{2,4,6,7},4,0.279195451831374,2.319958097185548
107,{1,2,4,6,7},5,0.684546738572165,1.530231174717844
108,{3,4,6,7},4,0.194700021866345,2.855006152824302
109,{1,3,4,6,7},5,0.609256641587009,1.592038716691224
110,{2,3,4,6,7},5,0.370976125681873,2.335071195513905
111,{1,2,3,4,6,7},6,0.781978446003072,1.620330482593468
112,{5,6,7},3,0.083111476158260,3.552693656594386
113,{1,5,6,7},4,0.491087397967739,1.458413571020500
114,{2,5,6,7},4,0.260976158531444,2.338991320183226
115,{1,2,5,6,7},5,0.665421919677098,1.520647315067514
116,{3,5,6,7},4,0.176246044137703,2.935560144523564
117,{1,3,5,6,7},5,0.590200650410864,1.583731937704336
118,{2,3,5,6,7},5,0.352752233762976,2.349624749653501
119,{1,2,3,5,6,7},6,0.763069188333086,1.613676420764154
120,{4,5,6,7},4,0.139116000222744,3.283692780575720
121,{1,4,5,6,7},5,0.555283926452012,1.590701803277916
122,{2,4,5,6,7},5,0.317555670101772,2.428784122265881
123,{1,2,4,5,6,7},6,0.728234298846270,1.618790991864127
124,{3,4,5,6,7},5,0.231973223657851,2.923835019430499
125,{1,3,4,5,6,7},6,0.652816560571910,1.684691794123783
126,{2,3,4,5,6,7},6,0.409231799926187,2.419077508419853
127,{1,2,3,4,5,6,7},7,0.824855675328659,1.693499645766261
128,{8},1,0.015154995058716,4.189425093947818
129,{1,8},2,0.404126435263662,1.116750934726518
130,{2,8},2,0.188989500397841,1.971335376715899
131,{1,2,8},3,0.582067659427044,1.293931732204712
132,{3,8},2,0.107635612572095,2.646912980353022
133,{1,3,8},3,0.506808888150922,1.339242069797741
134,{2,3,8},3,0.281487101302697,2.101896291684113
135,{1,2,3,8},4,0.681847033729359,1.434109699938180
136,{4,8},2,0.071177730546987,3.164609581052247
137,{1,4,8},3,0.471255224034682,1.331108271052095
138,{2,4,8},3,0.246577078422401,2.171201310297022
139,{1,2,4,8},4,0.646653383538734,1.431147987396297
140,{3,4,8},3,0.163478511279584,2.726919175355391
141,{1,3,4,8},4,0.571404779618058,1.486226126168333
142,{2,3,4,8},4,0.338575524181838,2.227077909644493
143,{1,2,3,4,8},5,0.744961603177927,1.539817295059809
144,{5,8},2,0.052344268557749,3.552871822964931
145,{1,5,8},3,0.451531538324528,1.310365142392911
146,{2,5,8},3,0.228325631201279,2.182241311654565
147,{1,2,5,8},4,0.627343969002949,1.417925756364014
148,{3,5,8},3,0.145098435300282,2.808771331297422
149,{1,3,5,8},4,0.552143948775853,1.473790096184757
150,{2,3,5,8},4,0.320339882932005,2.237466894650098
151,{1,2,3,5,8},5,0.725918860572960,1.530781022773819
152,{4,5,8},3,0.108283101032585,3.208528520648457
153,{1,4,5,8},4,0.516964436828548,1.474730580319772
154,{2,4,5,8},4,0.285288094292401,2.312719885377845
155,{1,2,4,5,8},5,0.690930749675914,1.532443622775936
156,{3,4,5,8},4,0.200854348324209,2.829832841833024
157,{1,3,4,5,8},5,0.615615488759746,1.593736005667257
158,{2,3,4,5,8},5,0.377069873361937,2.329467714612399
159,{1,2,3,4,5,8},6,0.788293760400293,1.621750517794007
160,{6,8},2,0.041517957350550,3.838127650368506
161,{1,6,8},3,0.439409009609899,1.288283640987764
162,{2,6,8},3,0.217589060280792,2.172950450685107
163,{1,2,6,8},4,0.615582634074330,1.403500936747459
164,{3,6,8},3,0.134505243108987,2.837298615609996
165,{1,3,6,8},4,0.540401079156997,1.459161022565603
166,{2,3,6,8},4,0.309649152080527,2.232202498175795
167,{1,2,3,6,8},5,0.714378604758066,1.520021363887736
168,{4,6,8},3,0.097603735880275,3.290500258934514
169,{1,4,6,8},4,0.505165357393558,1.459532481540293
170,{2,4,6,8},4,0.274619810635865,2.309663109212323
171,{1,2,4,6,8},5,0.679359959189410,1.521352533340181
172,{3,4,6,8},4,0.190256838396909,2.851093862998866
173,{1,3,4,6,8},5,0.604083138462687,1.582843912939502
174,{2,3,4,6,8},5,0.366417660268582,2.327364384102637
175,{1,2,3,4,6,8},6,0.776892133786155,1.613142571854631
176,{5,6,8},3,0.078681837532867,3.580837910188706
177,{1,5,6,8},4,0.485722760531841,1.445659631449381
178,{2,5,6,8},4,0.256399053935290,2.328426698561259
179,{1,2,5,6,8},5,0.660214447125717,1.511469301052060
180,{3,5,6,8},4,0.171808882216904,2.933239335867199
181,{1,3,5,6,8},5,0.585004669812798,1.574222859179741
182,{2,3,5,6,8},5,0.348193489599680,2.341758323254339
183,{1,2,3,5,6,8},6,0.757967970008915,1.606293886902144
184,{4,5,6,8},4,0.134693343977424,3.291473385846899
185,{1,4,5,6,8},5,0.550061516045262,1.580825069069647
186,{2,4,5,6,8},5,0.313013849269733,2.421204116087594
187,{1,2,4,5,6,8},6,0.723117422955087,1.611170929671779
188,{3,4,5,6,8},5,0.227536717184172,2.921810091871535
189,{1,3,4,5,6,8},6,0.647719359472363,1.676920873328047
190,{2,3,4,5,6,8},6,0.404697062661735,2.412983680977199
191,{1,2,3,4,5,6,8},7,0.819823298205897,1.687185668258762
192,{7,8},2,0.034775210884519,4.043751498983283
193,{1,7,8},3,0.431413429924407,1.268084150574111
194,{2,7,8},3,0.210731324534148,2.157255464263486
195,{1,2,7,8},4,0.607880653968870,1.390319362248871
196,{3,7,8},3,0.127853496058209,2.841777780648869
197,{1,3,7,8},4,0.532703109005122,1.445387422638333
198,{2,3,7,8},4,0.302842377090237,2.222104678040182
199,{1,2,3,7,8},5,0.706850099382240,1.509932306686945
200,{4,7,8},3,0.090947974529201,3.328176956696183
201,{1,4,7,8},4,0.497418881018166,1.445068159022789
202,{2,4,7,8},4,0.267833932778587,2.300271702448953
203,{1,2,4,7,8},5,0.671804876696992,1.510882667588032
204,{3,4,7,8},4,0.183607834236822,2.854549697506314
205,{1,3,4,7,8},5,0.596548858568519,1.572176251740665
206,{2,3,4,7,8},5,0.359652654162030,2.320439204339664
207,{1,2,3,4,7,8},6,0.769471563776953,1.604807268851260
208,{5,7,8},3,0.071989028112697,3.655409546610144
209,{1,5,7,8},4,0.477929304175005,1.430512493572067
210,{2,5,7,8},4,0.249611565864785,2.319023279184762
211,{1,2,5,7,8},5,0.652631789346782,1.500638737050863
212,{3,5,7,8},4,0.165163638793256,2.940247812555086
213,{1,3,5,7,8},5,0.577440589796349,1.563191054820834
214,{2,3,5,7,8},5,0.341428293113002,2.334815587090588
215,{1,2,3,5,7,8},6,0.750527843500771,1.597730674596232
216,{4,5,7,8},4,0.128036282637717,3.318317185474484
217,{1,4,5,7,8},5,0.542463486913196,1.569435199799685
218,{2,4,5,7,8},5,0.306268755599172,2.415199189531592
219,{1,2,4,5,7,8},6,0.715657486250942,1.602364136654710
220,{3,4,5,7,8},5,0.220891445055289,2.926669072644827
221,{1,3,4,5,7,8},6,0.640288907343392,1.668120206355095
222,{2,3,4,5,7,8},6,0.397959970479739,2.408057493075155
223,{1,2,3,4,5,7,8},7,0.812475382777835,1.679994930503526
224,{6,7,8},3,0.061134993155270,3.868008376262111
225,{1,6,7,8},4,0.465986209264321,1.413327141430720
226,{2,6,7,8},4,0.238930426203965,2.316292530890607
227,{1,2,6,7,8},5,0.640975982934522,1.488496799761929
228,{3,6,7,8},4,0.154560093081045,2.973653348004035
229,{1,3,6,7,8},5,0.565816586990857,1.551251297970957
230,{2,3,6,7,8},5,0.330769324299064,2.332858745957012
231,{1,2,3,6,7,8},6,0.739065664421375,1.588464017154845
232,{4,6,7,8},4,0.117328656538561,3.396509084652166
233,{1,4,6,7,8},5,0.530796417806255,1.557264634466371
234,{2,4,6,7,8},5,0.295630909664538,2.415788799003948
235,{1,2,4,6,7,8},6,0.704170868927433,1.592904645464355
236,{3,4,6,7,8},5,0.210285283213837,2.950585114236404
237,{1,3,4,6,7,8},6,0.628848786946945,1.659081640070781
238,{2,3,4,6,7,8},6,0.387327988914626,2.408099018746945
239,{1,2,3,4,6,7,8},7,0.801137922187524,1.672516589862338
240,{5,6,7,8},4,0.098323095819900,3.650437226276892
241,{1,5,6,7,8},5,0.511547315359093,1.547856636086031
242,{2,5,6,7,8},5,0.277419065289422,2.439458155034657
243,{1,2,5,6,7,8},6,0.685143381333146,1.585396765757530
244,{3,5,6,7,8},5,0.191778942995609,3.033588048984015
245,{1,3,5,6,7,8},6,0.609899983382570,1.653131069923042
246,{2,3,5,6,7,8},6,0.369105848507973,2.425354120760836
247,{1,2,3,5,6,7,8},7,0.782300838847596,1.667288774043207
248,{4,5,6,7,8},5,0.154416921629907,3.372058763106978
249,{1,4,5,6,7,8},6,0.575119575172545,1.663685719521801
250,{2,4,5,6,7,8},6,0.333815937553116,2.508048686955533
251,{1,2,4,5,6,7,8},7,0.747548613545287,1.674567164766660
252,{3,4,5,6,7,8},6,0.247505063246386,3.000799466024162
253,{1,3,4,5,6,7,8},7,0.672069615014869,1.743743469839742
254,{2,3,4,5,6,7,8},7,0.425456126289585,2.482121336577769
255,{1,2,3,4,5,6,7,8},8,0.843771489118724,1.740790099818978
256,{9},1,0.012049942182007,4.418695416674723
257,{1,9},2,0.400038334058345,1.098920718645147
258,{2,9},2,0.185642999263072,1.950488985213994
259,{1,2,9},3,0.578196920271243,1.283088260084497
260,{3,9},2,0.104490527284491,2.629190984926311
261,{1,3,9},3,0.502926785565420,1.327385566129990
262,{2,3,9},3,0.278203400000811,2.089393094317771
263,{1,2,3,9},4,0.678092529991895,1.425830438994691
264,{4,9},2,0.068085337669335,3.159450188139346
265,{1,4,9},3,0.467334683513984,1.318364829194785
266,{2,4,9},3,0.243305278806169,2.157990594220394
267,{1,2,4,9},4,0.642878363275733,1.422447105492441
268,{3,4,9},3,0.160349032225173,2.716723446649638
269,{1,3,4,9},4,0.567631723993989,1.476961183466408
270,{2,3,4,9},4,0.335331860135304,2.217896256206942
271,{1,2,3,4,9},5,0.741277285746027,1.532887122457360
272,{5,9},2,0.049259843076219,3.569095793576338
273,{1,5,9},3,0.447576992184393,1.296870247080584
274,{2,5,9},3,0.225048840402884,2.168255913259642
275,{1,2,5,9},4,0.623549721514001,1.408881133924123
276,{3,5,9},3,0.141976166993320,2.799057972291408
277,{1,3,5,9},4,0.548349371435114,1.464136343498623
278,{2,3,5,9},4,0.317094325297947,2.227919698727376
279,{1,2,3,5,9},5,0.722220844449656,1.523634688194164
280,{4,5,9},3,0.105193382007099,3.206361473662156
281,{1,4,5,9},4,0.513141761497795,1.464531391270896
282,{2,4,5,9},4,0.282056042568725,2.302929888564620
283,{1,2,4,5,9},5,0.687216801766741,1.524997331303624
284,{3,4,5,9},4,0.197737127177601,2.823096320936358
285,{1,3,4,5,9},5,0.611910312214513,1.585940947790299
286,{2,3,4,5,9},5,0.373851983245943,2.322108179075855
287,{1,2,3,4,5,9},6,0.784656006748351,1.615663055620775
288,{6,9},2,0.038428718456481,3.881500387326042
289,{1,6,9},3,0.435428069442120,1.274165528197813
290,{2,6,9},3,0.214303795113514,2.158214948755344
291,{1,2,6,9},4,0.611773319720709,1.394180518587973
292,{3,6,9},3,0.131383845677154,2.827538104543947
293,{1,3,6,9},4,0.536589488391374,1.449187303159682
294,{2,3,6,9},4,0.306399046438826,2.222304066323844
295,{1,2,3,6,9},5,0.710669634577278,1.512701566452890
296,{4,6,9},3,0.094516181096696,3.290699404967512
297,{1,4,6,9},4,0.501323702033079,1.448973970807899
298,{2,4,6,9},4,0.271383368360498,2.299505829750359
299,{1,2,4,6,9},5,0.675634172833590,1.513717236778511
300,{3,4,6,9},4,0.187140444170769,2.844351122188726
301,{1,3,4,6,9},5,0.600364997743258,1.574839349149926
302,{2,3,4,6,9},5,0.363196980032762,2.319795858962692
303,{1,2,3,4,6,9},6,0.773245491692260,1.606928243136352
304,{5,6,9},3,0.075597190952774,3.592518885042750
305,{1,5,6,9},4,0.481853476490942,1.434596198390814
306,{2,5,6,9},4,0.253160898454590,2.317881044211489
307,{1,2,5,6,9},5,0.656472213835086,1.503571967265138
308,{3,5,6,9},4,0.168698822706331,2.927242270578390
309,{1,3,5,6,9},5,0.581268506840293,1.565934708458450
310,{2,3,5,6,9},5,0.344972313416061,2.333969621570731
311,{1,2,3,5,6,9},6,0.754309412014239,1.599907748672802
312,{4,5,6,9},4,0.131606214727629,3.291609343314406
313,{1,4,5,6,9},5,0.546303310006152,1.572169380681387
314,{2,4,5,6,9},5,0.309806547608619,2.413396950506908
315,{1,2,4,5,6,9},6,0.719445822640386,1.604557578194221
316,{3,4,5,6,9},5,0.224427746083839,2.917095494714417
317,{1,3,4,5,6,9},6,0.644060590746735,1.670084182059384
318,{2,3,4,5,6,9},6,0.401496772474045,2.406794123555045
319,{1,2,3,4,5,6,9},7,0.816218587120635,1.681680402237928
320,{7,9},2,0.031678807386723,4.116485221139499
321,{1,7,9},3,0.427412474004209,1.253453806526750
322,{2,7,9},3,0.207437681278775,2.141838675528973
323,{1,2,7,9},4,0.604059895965433,1.380778005377614
324,{3,7,9},3,0.124730871963154,2.831678223014222
325,{1,3,7,9},4,0.528878517428773,1.435152456874533
326,{2,3,7,9},4,0.299587629897641,2.211893660231112
327,{1,2,3,7,9},5,0.703132737765465,1.502473648551383
328,{4,7,9},3,0.087861023811000,3.329703346821589
329,{1,4,7,9},4,0.493562713317556,1.434213319662092
330,{2,4,7,9},4,0.264592804152641,2.289773956887231
331,{1,2,4,7,9},5,0.668070023633276,1.503095178101432
332,{3,4,7,9},4,0.180490809929903,2.847644620773693
333,{1,3,4,7,9},5,0.592820720588053,1.563999643794389
334,{2,3,4,7,9},5,0.356428910599857,2.312680453364635
335,{1,2,3,4,7,9},6,0.765818053365621,1.598490801502095
336,{5,7,9},3,0.068903802144108,3.671503352453698
337,{1,5,7,9},4,0.474044327452582,1.419122495183167
338,{2,5,7,9},4,0.246368334945747,2.308108759896399
339,{1,2,5,7,9},5,0.648879967986768,1.492578356188101
340,{3,5,7,9},4,0.162053197251279,2.934168673363047
341,{1,3,5,7,9},5,0.573693785803127,1.554717984575404
342,{2,3,5,7,9},5,0.338203885594844,2.326824356746471
343,{1,2,3,5,7,9},6,0.746862085133601,1.591236552800357
344,{4,5,7,9},4,0.124949570202235,3.319116792521726
345,{1,4,5,7,9},5,0.538693568435768,1.560575686676557
346,{2,4,5,7,9},5,0.303058332511422,2.407182036590072
347,{1,2,4,5,7,9},6,0.711978166482004,1.595634171958071
348,{3,4,5,7,9},5,0.217782220448962,2.921894248331114
349,{1,3,4,5,7,9},6,0.636621787070297,1.661155745125154
350,{2,3,4,5,7,9},6,0.394757435839828,2.401735953005968
351,{1,2,3,4,5,7,9},7,0.808864706126585,1.674408084434420
352,{6,7,9},3,0.058044947540363,3.898318359230046
353,{1,6,7,9},4,0.462078636603912,1.401487219054864
354,{2,6,7,9},4,0.235681555438923,2.304931555840994
355,{1,2,6,7,9},5,0.637210726341272,1.480214924409751
356,{3,6,7,9},4,0.151451016669245,2.967858077962404
357,{1,3,6,7,9},5,0.562054849353153,1.542530379539109
358,{2,3,6,7,9},5,0.327541580438709,2.324623950666904
359,{1,2,3,6,7,9},6,0.735390001064335,1.581825595620145
360,{4,6,7,9},4,0.114243277352665,3.399435311912669
361,{1,4,6,7,9},5,0.527009988581138,1.548133424567055
362,{2,4,6,7,9},5,0.292417436919986,2.407534241077869
363,{1,2,4,6,7,9},6,0.700480898006226,1.586019347243894
364,{3,4,6,7,9},5,0.207177085076809,2.945934966858132
365,{1,3,4,6,7,9},6,0.625170156751658,1.651949959546872
366,{2,3,4,6,7,9},6,0.384123364606622,2.401626349346486
367,{1,2,3,4,6,7,9},7,0.797519153531275,1.666822435436588
368,{5,6,7,9},4,0.095237802178398,3.661923211772944
369,{1,5,6,7,9},5,0.507737334502875,1.538360209885070
370,{2,5,6,7,9},5,0.274205539241471,2.431013522485870
371,{1,2,5,6,7,9},6,0.681438846176363,1.578301652316316
372,{3,5,6,7,9},5,0.188676316714129,3.029801925125142
373,{1,3,5,6,7,9},6,0.606205656108396,1.645781060211071
374,{2,3,5,6,7,9},6,0.365901532754734,2.418748020094341
375,{1,2,3,5,6,7,9},7,0.778671390359984,1.661452575130173
376,{4,5,6,7,9},5,0.151331355032220,3.373768867831473
377,{1,4,5,6,7,9},6,0.571407159643935,1.656076151101971
378,{2,4,5,6,7,9},6,0.330625474537741,2.501555940170874
379,{1,2,4,5,6,7,9},7,0.743908104985609,1.668552181088856
380,{3,4,5,6,7,9},6,0.244401737927751,2.997436746587923
381,{1,3,4,5,6,7,9},7,0.668444612611730,1.737587415895359
382,{2,3,4,5,6,7,9},7,0.422268489774820,2.476756488345444
383,{1,2,3,4,5,6,7,9},8,0.840191410057567,1.735714495826324
384,{8,9},2,0.027207291955263,4.290892015923475
385,{1,8,9},3,0.421842719042829,1.235444491487492
386,{2,8,9},3,0.202779502146434,2.124399030467572
387,{1,2,8,9},4,0.598730885591469,1.369181182431234
388,{3,8,9},3,0.120278853511218,2.825043559084861
389,{1,3,8,9},4,0.523545839214234,1.422801924610972
390,{2,3,8,9},4,0.294980511340767,2.200621832981753
391,{1,2,3,8,9},5,0.697941008211599,1.493522080064924
392,{4,8,9},3,0.083438635563690,3.344702722785087
393,{1,4,8,9},4,0.488188771998520,1.421137552859442
394,{2,4,8,9},4,0.260002638806896,2.278475301764615
395,{1,2,4,8,9},5,0.662855744422613,1.493761244419911
396,{3,4,8,9},4,0.176045048039306,2.843310468403359
397,{1,3,4,8,9},5,0.587616914261971,1.554291035876787
398,{2,3,4,8,9},5,0.351860913500573,2.304412999531991
399,{1,2,3,4,8,9},6,0.760710903368175,1.590997670108951
400,{5,8,9},3,0.064469919800748,3.713879137556830
401,{1,5,8,9},4,0.468632133436062,1.405391725217697
402,{2,5,8,9},4,0.241775508096955,2.296458808226376
403,{1,2,5,8,9},5,0.643643416702219,1.482912585504259
404,{3,5,8,9},4,0.157614118253383,2.931688936280707
405,{1,3,5,8,9},5,0.568465553929297,1.544656714647097
406,{2,3,5,8,9},5,0.333635089792056,2.318361797204460
407,{1,2,3,5,8,9},6,0.741739023780201,1.583531352600254
408,{4,5,8,9},4,0.120526978671584,3.329096358584138
409,{1,4,5,8,9},5,0.533435670144889,1.550090776625268
410,{2,4,5,8,9},5,0.298506762909962,2.398987846818912
411,{1,2,4,5,8,9},6,0.706837878630801,1.587665828139961
412,{3,4,5,8,9},5,0.213344370038042,2.919737190909544
413,{1,3,4,5,8,9},6,0.631499274022412,1.653004019108728
414,{2,3,4,5,8,9},6,0.390215666516945,2.395255358389470
415,{1,2,3,4,5,8,9},7,0.803814229909906,1.667850672459892
416,{6,8,9},3,0.053594758281938,3.968252597186250
417,{1,6,8,9},4,0.456636168697852,1.387190266322058
418,{2,6,8,9},4,0.231081567508355,2.292804984982411
419,{1,2,6,8,9},5,0.631956385089560,1.470272703918418
420,{3,6,8,9},4,0.147013339011963,2.966231917200801
421,{1,3,6,8,9},5,0.556806867246044,1.532164165651828
422,{2,3,6,8,9},5,0.322968650174668,2.315901863614300
423,{1,2,3,6,8,9},6,0.730253940597786,1.573942793764438
424,{4,6,8,9},4,0.109820094096200,3.413530711871005
425,{1,4,6,8,9},5,0.521730224015728,1.537316276167822
426,{2,4,6,8,9},5,0.287862135395834,2.399109573447689
427,{1,2,4,6,8,9},6,0.695326620500219,1.577860513801710
428,{3,4,6,8,9},5,0.202740255967198,2.944196417997702
429,{1,3,4,6,8,9},6,0.620032568227930,1.643596982459083
430,{2,3,4,6,8,9},6,0.379579073327546,2.394995288201862
431,{1,2,3,4,6,8,9},7,0.792458133605969,1.660134896580567
432,{5,6,8,9},4,0.090803922528010,3.691574408826170
433,{1,5,6,8,9},5,0.502426602749705,1.527113199006891
434,{2,5,6,8,9},5,0.269650256246101,2.422520258837935
435,{1,2,5,6,8,9},6,0.676265587915969,1.569893700925640
436,{3,5,6,8,9},5,0.184244674918121,3.029824212186227
437,{1,3,5,6,8,9},6,0.601047709873457,1.637177125313194
438,{2,3,5,6,8,9},6,0.361357677968319,2.412044828981053
439,{1,2,3,5,6,8,9},7,0.773596589681240,1.654599180445082
440,{4,5,6,8,9},5,0.146908190308233,3.383547916513407
441,{1,4,5,6,8,9},6,0.566226407141286,1.647210915001196
442,{2,4,5,6,8,9},6,0.326098482238113,2.495278928371647
443,{1,2,4,5,6,8,9},7,0.738819459847415,1.661508649553056
444,{3,4,5,6,8,9},6,0.239969415671885,2.996835811952536
445,{1,3,4,5,6,8,9},7,0.663378124874804,1.730475860661773
446,{2,3,4,5,6,8,9},7,0.417744869110430,2.471477419385693
447,{1,2,3,4,5,6,8,9},8,0.835181392684637,1.729815190310013
448,{7,8,9},3,0.046834400476601,4.140059179036371
449,{1,7,8,9},4,0.448734981400014,1.370032223446671
450,{2,7,8,9},4,0.224265697639019,2.281695039796361
451,{1,2,7,8,9},5,0.624309964986815,1.458456839797950
452,{3,7,8,9},4,0.140368385202153,2.976128657961041
453,{1,3,7,8,9},5,0.549172073304490,1.520043866887200
454,{2,3,7,8,9},5,0.316186491111336,2.308026360031690
455,{1,2,3,7,8,9},6,0.722766994869766,1.564744720516931
456,{4,7,8,9},4,0.103155602196659,3.454510233424912
457,{1,4,7,8,9},5,0.514054014755690,1.524739826397337
458,{2,4,7,8,9},5,0.281101266608704,2.392269162099225
459,{1,2,4,7,8,9},6,0.687816349332056,1.568372572813281
460,{3,4,7,8,9},5,0.196095153020657,2.950464001116870
461,{1,3,4,7,8,9},6,0.612547898344232,1.634074967005184
462,{2,3,4,7,8,9},6,0.372831033527050,2.389523630297319
463,{1,2,3,4,7,8,9},7,0.785072099780745,1.652477779029438
464,{5,7,8,9},4,0.084097989330768,3.764229358882432
465,{1,5,7,8,9},5,0.494708808457636,1.514042145100980
466,{2,5,7,8,9},5,0.262889709734812,2.415940294486774
467,{1,2,5,7,8,9},6,0.668730187802681,1.560114312570970
468,{3,5,7,8,9},5,0.177601766137583,3.039798308845931
469,{1,3,5,7,8,9},6,0.593536275989994,1.627377793855800
470,{2,3,5,7,8,9},6,0.354610338480744,2.406672964472278
471,{1,2,3,5,7,8,9},7,0.766192591141886,1.646753359341169
472,{4,5,7,8,9},5,0.140244735089121,3.412334555807917
473,{1,4,5,7,8,9},6,0.558686203087391,1.637197519444022
474,{2,4,5,7,8,9},6,0.319370884543379,2.491024531092734
475,{1,2,4,5,7,8,9},7,0.731398206247823,1.653483166108582
476,{3,4,5,7,8,9},6,0.233325836678620,3.003491419795168
477,{1,3,4,5,7,8,9},7,0.655989795332368,1.722565609041382
478,{2,3,4,5,7,8,9},7,0.411020661176720,2.467640862646725
479,{1,2,3,4,5,7,8,9},8,0.827863840508351,1.723183595842004
480,{6,7,8,9},4,0.073210144298231,3.958393329561716
481,{1,6,7,8,9},5,0.482875918295474,1.499849410668830
482,{2,6,7,8,9},5,0.252238354682316,2.417200408277864
483,{1,2,6,7,8,9},6,0.657141426277250,1.549467311789954
484,{3,6,7,8,9},5,0.166987438073985,3.076761040388121
485,{1,3,6,7,8,9},6,0.581987235010959,1.617184809177274
486,{2,3,6,7,8,9},6,0.343969829430767,2.406909396235335
487,{1,2,3,6,7,8,9},7,0.754780829411323,1.638497104106129
488,{4,6,7,8,9},5,0.129513359813613,3.490907741987570
489,{1,4,6,7,8,9},6,0.547101865826284,1.626976172786065
490,{2,4,6,7,8,9},6,0.308750225205882,2.494036308142711
491,{1,2,4,6,7,8,9},7,0.719965753936829,1.645123509141921
492,{3,4,6,7,8,9},6,0.222711512684998,3.029586634895054
493,{1,3,4,6,7,8,9},7,0.644608749240986,1.714774260364038
494,{2,3,4,6,7,8,9},7,0.400400783772473,2.469182000308656
495,{1,2,3,4,6,7,8,9},8,0.816568252295255,1.716486775993342
496,{5,6,7,8,9},5,0.110433477355129,3.733917404602494
497,{1,5,6,7,8,9},6,0.527973630076402,1.620463957130447
498,{2,5,6,7,8,9},6,0.290539011678279,2.521123271703729
499,{1,2,5,6,7,8,9},7,0.701014175953815,1.639236916040065
500,{3,5,6,7,8,9},6,0.204160260041373,3.114548386973226
501,{1,3,5,6,7,8,9},7,0.625742964615688,1.710647126895726
502,{2,3,5,6,7,8,9},7,0.382177196648456,2.488547204082536
503,{1,2,3,5,6,7,8,9},8,0.797788063888807,1.712399024023092
504,{4,5,6,7,8,9},6,0.166607416895406,3.447345347185049
505,{1,4,5,6,7,8,9},7,0.591066151223232,1.723976137180117
506,{2,4,5,6,7,8,9},7,0.346806731769970,2.574087872186936
507,{1,2,4,5,6,7,8,9},8,0.763099942806895,1.721416297950640
508,{3,4,5,6,7,8,9},7,0.259895183288639,3.066194406375899
509,{1,3,4,5,6,7,8,9},8,0.687564469962081,1.793264151894736
510,{2,3,4,5,6,7,8,9},8,0.438432007633429,2.535552310334310
511,{1,2,3,4,5,6,7,8,9},9,0.859008582814514,1.780884176572073
512,{10},1,0.009804864072152,4.624876681624812
513,{1,10},2,0.396984534840499,1.083839981985690
514,{2,10},2,0.183177129740196,1.931926947529305
515,{1,2,10},3,0.575316658601506,1.273942878743384
516,{3,10},2,0.102193077745118,2.610926319590590
517,{1,3,10},3,0.500035682039250,1.317313876314508
518,{2,3,10},3,0.275790928719520,2.078238487523976
519,{1,2,3,10},4,0.675304078084746,1.418817858034327
520,{4,10},2,0.065838439508564,3.148213887360640
521,{1,4,10},3,0.464412407641058,1.307507700554211
522,{2,4,10},3,0.240901984291510,2.146045457784851
523,{1,2,4,10},4,0.640073249150583,1.415064246279574
524,{3,4,10},3,0.158066613999696,2.706024862852985
525,{1,3,4,10},4,0.564826481482183,1.469039484280898
526,{2,3,4,10},4,0.332952804081395,2.209592807833616
527,{1,2,3,4,10},5,0.738544077120964,1.526985158040173
528,{5,10},2,0.047025815802241,3.571994947382251
529,{1,5,10},3,0.444627576819477,1.285362999592365
530,{2,5,10},3,0.222641037682270,2.155548473270485
531,{1,2,5,10},4,0.620729276291781,1.401204018092184
532,{3,5,10},3,0.139700117003460,2.788321501911994
533,{1,3,5,10},4,0.545526873848508,1.455876170619597
534,{2,3,5,10},4,0.314713512315164,2.219255666346953
535,{1,2,3,5,10},5,0.719476668946032,1.517546592999519
536,{4,5,10},3,0.102949948525141,3.200083797061382
537,{1,4,5,10},4,0.510296236578522,1.455774817693545
538,{2,4,5,10},4,0.279685987556478,2.293898218930224
539,{1,2,4,5,10},5,0.684459567116616,1.518640586783970
540,{3,4,5,10},4,0.195466176737299,2.815623763696706
541,{1,3,4,5,10},5,0.609158423348898,1.579230383241814
542,{2,3,4,5,10},5,0.371494432304765,2.315343142877957
543,{1,2,3,4,5,10},6,0.781959381269738,1.610450119288176
544,{6,10},2,0.036195105773188,3.904092216178157
545,{1,6,10},3,0.432457759584127,1.262127655055068
546,{2,6,10},3,0.211888761161846,2.144813977755788
547,{1,2,6,10},4,0.608940957831988,1.386271165471076
548,{3,6,10},3,0.129108440492603,2.816482366441164
549,{1,3,6,10},4,0.533753478735257,1.440654066597880
550,{2,3,6,10},4,0.304014366825935,2.213318100574568
551,{1,2,3,6,10},5,0.707916769914335,1.506466954237506
552,{4,6,10},3,0.092275430480361,3.285703876088064
553,{1,4,6,10},4,0.498463087883127,1.439908722034033
554,{2,4,6,10},4,0.269009527646902,2.290125789006225
555,{1,2,4,6,10},5,0.672867542323759,1.507200221351201
556,{3,4,6,10},4,0.184870182790549,2.836733804745251
557,{1,3,4,6,10},5,0.597602772055843,1.567948510472483
558,{2,3,4,6,10},5,0.360837033661584,2.312834899820260
559,{1,2,3,4,6,10},6,0.770541792183171,1.601607450107956
560,{5,6,10},3,0.073363570031202,3.595044354653965
561,{1,5,6,10},4,0.478970700798776,1.425086478379356
562,{2,5,6,10},4,0.250785333664346,2.308077407864317
563,{1,2,5,6,10},5,0.653692417228020,1.496827919278410
564,{3,5,6,10},4,0.166434386913342,2.919901293640947
565,{1,3,5,6,10},5,0.578491761535149,1.558792937839115
566,{2,3,5,6,10},5,0.342611792198051,2.326773391070347
567,{1,2,3,5,6,10},6,0.751596135741872,1.594437299523577
568,{4,5,6,10},4,0.129366173151119,3.288026726444571
569,{1,4,5,6,10},5,0.543508305474229,1.564681601506912
570,{2,4,5,6,10},5,0.307457251811969,2.406035563895514
571,{1,2,4,5,6,10},6,0.716721755704272,1.598879064701464
572,{3,4,5,6,10},5,0.222164617481007,2.911447023468128
573,{1,3,4,5,6,10},6,0.641345136561380,1.664159239134211
574,{2,3,4,5,6,10},6,0.399153948487341,2.401006088281754
575,{1,2,3,4,5,6,10},7,0.813547891190268,1.676941064565618
576,{7,10},2,0.029441951808049,4.161975339034285
577,{1,7,10},3,0.424426403055034,1.240984691674996
578,{2,7,10},3,0.205015590535755,2.127828954145983
579,{1,2,7,10},4,0.601218528317400,1.372684700240434
580,{3,7,10},3,0.122454217931762,2.820159957117596
581,{1,3,7,10},4,0.526032242193493,1.426399252602017
582,{2,3,7,10},4,0.297199056272641,2.202631789405274
583,{1,2,3,7,10},5,0.700373252696173,1.496123244459913
584,{4,7,10},3,0.085621041442233,3.325343511662027
585,{1,4,7,10},4,0.490690630444253,1.424897152269011
586,{2,4,7,10},4,0.262214992269923,2.280086573991369
587,{1,2,4,7,10},5,0.665296237066415,1.496450831361962
588,{3,4,7,10},4,0.178219910657115,2.839808265653332
589,{1,3,4,7,10},5,0.590050575417530,1.556963152959945
590,{2,3,4,7,10},5,0.354066377498120,2.305549752001923
591,{1,2,3,4,7,10},6,0.763108920161415,1.593084454187821
592,{5,7,10},3,0.066670636185054,3.676875559577297
593,{1,5,7,10},4,0.471149150534246,1.409335620650154
594,{2,5,7,10},4,0.243988457702855,2.297968425324370
595,{1,2,5,7,10},5,0.646092605157675,1.485697733671909
596,{3,5,7,10},4,0.159788337763147,2.926647761025691
597,{1,3,5,7,10},5,0.570908611699455,1.547419355318880
598,{2,3,5,7,10},5,0.335840630929547,2.319446129606106
599,{1,2,3,5,7,10},6,0.744143113459567,1.585675555026977
600,{4,5,7,10},4,0.122710077912792,3.315842000972680
601,{1,4,5,7,10},5,0.535889277482467,1.552913892588492
602,{2,4,5,7,10},5,0.300706365227256,2.399626532367805
603,{1,2,4,5,7,10},6,0.709247990499628,1.589857507089398
604,{3,4,5,7,10},5,0.215518816740795,2.916135108277373
605,{1,3,4,5,7,10},6,0.633899696672851,1.655121836419138
606,{2,3,4,5,7,10},6,0.392412700455750,2.395827917500704
607,{1,2,3,4,5,7,10},7,0.806189278640481,1.669600034642782
608,{6,7,10},3,0.055811121503588,3.913637041108586
609,{1,6,7,10},4,0.459165511125026,1.391312810294920
610,{2,6,7,10},4,0.233296804438214,2.294358529164597
611,{1,2,6,7,10},5,0.634412710414086,1.473146292341188
612,{3,6,7,10},4,0.149187350975018,2.960343632674167
613,{1,3,6,7,10},5,0.559257778749100,1.535017975951014
614,{2,3,6,7,10},5,0.325175458256874,2.317014497599246
615,{1,2,3,6,7,10},6,0.732663153512910,1.576141800352371
616,{4,6,7,10},4,0.112005815303720,3.397409793048922
617,{1,4,6,7,10},5,0.524192528998290,1.540235351704666
618,{2,4,6,7,10},5,0.290062800180746,2.399741236613906
619,{1,2,4,6,7,10},6,0.697742247173308,1.580109873555724
620,{3,4,6,7,10},5,0.204914598319317,2.940156461628263
621,{1,3,4,6,7,10},6,0.622438861115117,1.645770581037986
622,{2,3,4,6,7,10},6,0.381776813327954,2.395571067626001
623,{1,2,3,4,6,7,10},7,0.794837270319933,1.661922456513976
624,{5,6,7,10},4,0.093004634679439,3.665539842323540
625,{1,5,6,7,10},5,0.504900897184085,1.530134153604479
626,{2,5,6,7,10},5,0.271850600242114,2.422970041493500
627,{1,2,5,6,7,10},6,0.678688494631061,1.572208046030088
628,{3,5,6,7,10},5,0.186419138709308,3.024442957855200
629,{1,3,5,6,7,10},6,0.603461657481589,1.639404955122714
630,{2,3,5,6,7,10},6,0.363555092834937,2.412531813433816
631,{1,2,3,5,6,7,10},7,0.775980893442866,1.656427362828339
632,{4,5,6,7,10},5,0.149093666092793,3.371853792177859
633,{1,4,5,6,7,10},6,0.568648014780254,1.649445209306322
634,{2,4,5,6,7,10},6,0.328290359544476,2.495292629633994
635,{1,2,4,5,6,7,10},7,0.741208372356202,1.663359132542119
636,{3,4,5,6,7,10},6,0.242144076353766,2.992982377270081
637,{1,3,4,5,6,7,10},7,0.665755645563308,1.732218124994578
638,{2,3,4,5,6,7,10},7,0.419936290888805,2.471651497248928
639,{1,2,3,4,5,6,7,10},8,0.837540027227502,1.731323256537465
640,{8,10},2,0.024966681613113,4.360233773592626
641,{1,8,10},3,0.418844695281706,1.222624148700113
642,{2,8,10},3,0.200351254616991,2.109864452481958
643,{1,2,8,10},4,0.595882685473873,1.360940904193697
644,{3,8,10},3,0.118000373505459,2.813014360114607
645,{1,3,8,10},4,0.520691745832372,1.413870679423113
646,{2,3,8,10},4,0.292588527035040,2.191127238759805
647,{1,2,3,8,10},5,0.695176477603566,1.487079308470918
648,{4,8,10},3,0.081198685012640,3.340541359975191
649,{1,4,8,10},4,0.485307948810116,1.411616877722288
650,{2,4,8,10},4,0.257621284961921,2.268523420667634
651,{1,2,4,8,10},5,0.660076503884622,1.487014916534690
652,{3,4,8,10},4,0.173773118611113,2.835236009302022
653,{1,3,4,8,10},5,0.584840708151696,1.547136391555348
654,{2,3,4,8,10},5,0.349496063748307,2.297138534501642
655,{1,2,3,4,8,10},6,0.757997610031957,1.585522889091528
656,{5,8,10},3,0.062236871911466,3.721131939471434
657,{1,5,8,10},4,0.465727507466505,1.395378212420972
658,{2,5,8,10},4,0.239391775392704,2.286025720943385
659,{1,2,5,8,10},5,0.640850290247760,1.475922393745499
660,{3,5,8,10},4,0.155348364789359,2.923941073706970
661,{1,3,5,8,10},5,0.565673931663656,1.537230518100507
662,{2,3,5,8,10},5,0.331269383104016,2.310828424390010
663,{1,2,3,5,8,10},6,0.739015694025902,1.577897824289742
664,{4,5,8,10},4,0.118287522527645,3.325896690498098
665,{1,4,5,8,10},5,0.530624269829000,1.542286429345729
666,{2,4,5,8,10},5,0.296152343075439,2.391262975409703
667,{1,2,4,5,8,10},6,0.704103027493735,1.581810207484935
668,{3,4,5,8,10},5,0.211080347531366,2.913845123631020
669,{1,3,4,5,8,10},6,0.628772081433893,1.646881261474498
670,{2,3,4,5,8,10},6,0.387869175153110,2.389244430966997
671,{1,2,3,4,5,8,10},7,0.801135165000774,1.662987429346119
672,{6,8,10},3,0.051360312547096,3.987906152858045
673,{1,6,8,10},4,0.453713069901886,1.376770961680762
674,{2,6,8,10},4,0.228692636566117,2.281913781709832
675,{1,2,6,8,10},5,0.629152379548023,1.463088525499590
676,{3,6,8,10},4,0.144748771359026,2.958491039484201
677,{1,3,6,8,10},5,0.554003063105602,1.524516588080616
678,{2,3,6,8,10},5,0.320599933739266,2.308127440286967
679,{1,2,3,6,8,10},6,0.727522590244589,1.568183265854284
680,{4,6,8,10},4,0.107582742033947,3.411721425372605
681,{1,4,6,8,10},5,0.518905317501724,1.529266612676494
682,{2,4,6,8,10},5,0.285504893318961,2.391136323387499
683,{1,2,4,6,8,10},6,0.692583131029020,1.571868434802060
684,{3,4,6,8,10},5,0.200477148857546,2.938283435227618
685,{1,3,4,6,8,10},6,0.617295972098802,1.637324375136640
686,{2,3,4,6,8,10},6,0.377230684680717,2.388831897071064
687,{1,2,3,4,6,8,10},7,0.789772503632795,1.655177607945424
688,{5,6,8,10},4,0.088570838028257,3.696109141859694
689,{1,5,6,8,10},5,0.499582168250745,1.518721832738379
690,{2,5,6,8,10},5,0.267292539843376,2.414282638696363
691,{1,2,5,6,8,10},6,0.673510141333220,1.563712044350130
692,{3,5,6,8,10},5,0.181986998991717,3.024350037073020
693,{1,3,5,6,8,10},6,0.598298097908929,1.630701378152466
694,{2,3,5,6,8,10},6,0.359009315818814,2.405713669828557
695,{1,2,3,5,6,8,10},7,0.770902178299950,1.649513565404881
696,{4,5,6,8,10},5,0.144670576701130,3.381729087426066
697,{1,4,5,6,8,10},6,0.563461130030523,1.640470746022693
698,{2,4,5,6,8,10},6,0.323761495645860,2.488893919627699
699,{1,2,4,5,6,8,10},7,0.736115549833455,1.656250522341640
700,{3,4,5,6,8,10},6,0.237711356879040,2.992300715431995
701,{1,3,4,5,6,8,10},7,0.660684655891576,1.725034912525292
702,{2,3,4,5,6,8,10},7,0.415411247547264,2.466292685410210
703,{1,2,3,4,5,6,8,10},8,0.832526715729226,1.725377135303185
704,{7,8,10},3,0.044597158186412,4.171280270526267
705,{1,7,8,10},4,0.445797883820277,1.359280766832782
706,{2,7,8,10},4,0.221871455366289,2.270391710412767
707,{1,2,7,8,10},5,0.621497704754278,1.451118098294568
708,{3,7,8,10},4,0.138103333624376,2.968219436239039
709,{1,3,7,8,10},5,0.546358971456638,1.512216585730641
710,{2,3,7,8,10},5,0.313814603272810,2.300040788272284
711,{1,2,3,7,8,10},6,0.720029508379383,1.558885028729584
712,{4,7,8,10},4,0.100918925039490,3.453479668902304
713,{1,4,7,8,10},5,0.511218794158179,1.516489018360545
714,{2,4,7,8,10},5,0.278740881785368,2.384069758276652
715,{1,2,4,7,8,10},6,0.685066253017757,1.562271385424641
716,{3,4,7,8,10},5,0.193831746159491,2.944439361884932
717,{1,3,4,7,8,10},6,0.609804062589612,1.627680276894417
718,{2,3,4,7,8,10},6,0.370480482200731,2.383224835034170
719,{1,2,3,4,7,8,10},7,0.782381405388037,1.647445430352779
720,{5,7,8,10},4,0.081864982174338,3.771078753711521
721,{1,5,7,8,10},5,0.491853268745263,1.505431304615890
722,{2,5,7,8,10},5,0.260528634332441,2.407461368258978
723,{1,2,5,7,8,10},6,0.665967771729053,1.553816318833334
724,{3,5,7,8,10},5,0.175343984650928,3.034264333123815
725,{1,3,5,7,8,10},6,0.590778981597736,1.620771599708526
726,{2,3,5,7,8,10},6,0.352259711679132,2.400198621188565
727,{1,2,3,5,7,8,10},7,0.763492880665274,1.641588643297442
728,{4,5,7,8,10},5,0.138007619619361,3.410890103028308
729,{1,4,5,7,8,10},6,0.555912513642499,1.630314929501608
730,{2,4,5,7,8,10},6,0.317031740139058,2.484491903986807
731,{1,2,4,5,7,8,10},7,0.728688632050461,1.648140003918108
732,{3,4,5,7,8,10},6,0.231067680735323,2.998901156514577
733,{1,3,4,5,7,8,10},7,0.653290227593119,1.717032051928857
734,{2,3,4,5,7,8,10},7,0.408685422821520,2.462358615340499
735,{1,2,3,4,5,7,8,10},8,0.825204738989804,1.718684767476608
736,{6,7,8,10},4,0.070975734106042,3.972311339861534
737,{1,6,7,8,10},5,0.480004449268157,1.490938492110239
738,{2,6,7,8,10},5,0.249873759015081,2.408431688527557
739,{1,2,6,7,8,10},6,0.654369260969364,1.543011244942161
740,{3,6,7,8,10},5,0.164731028888227,3.071391025288861
741,{1,3,6,7,8,10},6,0.579219182199180,1.610403896790125
742,{2,3,6,7,8,10},6,0.341616972395213,2.400260777024599
743,{1,2,3,6,7,8,10},7,0.752073835189827,1.633226288155765
744,{4,6,7,8,10},5,0.127277807142581,3.490680705375837
745,{1,4,6,7,8,10},6,0.544316347395775,1.619904079985801
746,{2,4,6,7,8,10},6,0.306409102928192,2.487333982337248
747,{1,2,4,6,7,8,10},7,0.717248371732368,1.639666685204766
748,{3,4,6,7,8,10},6,0.220454368937430,3.025050195448742
749,{1,3,4,6,7,8,10},7,0.641900785617570,1.709119038573181
750,{2,3,4,6,7,8,10},7,0.398064115426113,2.463784947170922
751,{1,2,3,4,6,7,8,10},8,0.813903149789464,1.711907485713038
752,{5,6,7,8,10},5,0.108200460610512,3.738482248216712
753,{1,5,6,7,8,10},6,0.525171336076228,1.613138046696605
754,{2,5,6,7,8,10},6,0.288198414788903,2.514274446197007
755,{1,2,5,6,7,8,10},7,0.698286149032539,1.633625693553409
756,{3,5,6,7,8,10},6,0.201907985417423,3.110512541981691
757,{1,3,5,6,7,8,10},7,0.623023589722545,1.704831963655895
758,{2,3,5,6,7,8,10},7,0.379841076306796,2.483038467837595
759,{1,2,3,5,6,7,8,10},8,0.795115053489794,1.707712031090436
760,{4,5,6,7,8,10},6,0.164371307846425,3.446581464450205
761,{1,4,5,6,7,8,10},7,0.588333816781181,1.717967136216636
762,{2,4,5,6,7,8,10},7,0.344481897381610,2.568609639208574
763,{1,2,4,5,6,7,8,10},8,0.760418827577944,1.716590197986534
764,{3,4,5,6,7,8,10},7,0.257641481118177,3.062593918246037
765,{1,3,4,5,6,7,8,10},8,0.684895639482446,1.788311461747849
766,{2,3,4,5,6,7,8,10},8,0.436107797674680,2.530955998114592
767,{1,2,3,4,5,6,7,8,10},9,0.856372134118692,1.776761137023408
768,{9,10},2,0.021856042846497,4.511140478058451
769,{1,9,10},3,0.414807571604034,1.206938592290818
770,{2,9,10},3,0.197038866299350,2.092878185200320
771,{1,2,9,10},4,0.592041248596696,1.350958257040347
772,{3,9,10},3,0.114871952340520,2.801424320075796
773,{1,3,9,10},4,0.516843500235774,1.403101543173690
774,{2,3,9,10},4,0.289323381323120,2.180221168934793
775,{1,2,3,9,10},5,0.691443845069004,1.479343532340138
776,{4,9,10},3,0.078111338065855,3.342816385476510
777,{1,4,9,10},4,0.481425340526346,1.400148613273089
778,{2,4,9,10},4,0.254369350753115,2.257237098790554
779,{1,2,4,9,10},5,0.656325145614633,1.478921528852428
780,{3,4,9,10},4,0.170652789379388,2.827637541003014
781,{1,3,4,9,10},5,0.581094234912111,1.538605708506502
782,{2,3,4,9,10},5,0.346265243202579,2.288951257201077
783,{1,2,3,4,9,10},6,0.754331508902223,1.579001280116454
784,{5,9,10},3,0.059151247437696,3.743247452003828
785,{1,5,9,10},4,0.461813946863776,1.383308404934169
786,{2,5,9,10},4,0.236136784909241,2.274239019550706
787,{1,2,5,9,10},5,0.637081027195266,1.467533358945339
788,{3,5,9,10},4,0.152235003908409,2.917209805053389
789,{1,3,5,9,10},5,0.561907621883190,1.528375183523778
790,{2,3,5,9,10},5,0.328037486070117,2.302374975338140
791,{1,2,3,5,9,10},6,0.735336746426695,1.571186282078862
792,{4,5,9,10},4,0.115200573808603,3.326993746277651
793,{1,4,5,9,10},5,0.526832848867322,1.532999919673372
794,{2,4,5,9,10},5,0.292934420845462,2.382742399831272
795,{1,2,4,5,9,10},6,0.700409560714392,1.574843626950262
796,{3,4,5,9,10},5,0.207969090448653,2.908687187774817
797,{1,3,4,5,9,10},6,0.625089528099054,1.639650835383311
798,{2,3,4,5,9,10},6,0.384661265270368,2.382616867468990
799,{1,2,3,4,5,9,10},7,0.797513480151009,1.657235256496969
800,{6,9,10},3,0.048267352558371,4.031959643935323
801,{1,6,9,10},4,0.449775327039407,1.364196388964345
802,{2,6,9,10},4,0.225431020761240,2.269605021698595
803,{1,2,6,9,10},5,0.625368997450896,1.454460042848993
804,{3,6,9,10},4,0.141636735798156,2.952050725424371
805,{1,3,6,9,10},5,0.550220956506867,1.515390591233512
806,{2,3,6,9,10},5,0.317364268253141,2.299401194783002
807,{1,2,3,6,9,10},6,0.723833299837583,1.561317821752173
808,{4,6,9,10},4,0.104497306446140,3.415390081862313
809,{1,4,6,9,10},5,0.515096364854000,1.519681308126408
810,{2,4,6,9,10},5,0.282283457025175,2.382346131035717
811,{1,2,4,6,9,10},6,0.688878518562322,1.564735576164988
812,{3,4,6,9,10},5,0.197366904952523,2.933247663206018
813,{1,3,4,6,9,10},6,0.613601309245872,1.629913616296719
814,{2,3,4,6,9,10},6,0.374020437602889,2.382037728287933
815,{1,2,3,4,6,9,10},7,0.786142396076931,1.649311783896712
816,{5,6,9,10},4,0.085485256752338,3.710526938149883
817,{1,5,6,9,10},5,0.495748000733314,1.508730264165870
818,{2,5,6,9,10},5,0.264070525504325,2.405261743998466
819,{1,2,5,6,9,10},6,0.669790189444798,1.556353062703852
820,{3,5,6,9,10},5,0.178882675856584,3.020241729156936
821,{1,3,5,6,9,10},6,0.594586792649755,1.623053119681472
822,{2,3,5,6,9,10},6,0.355799118000625,2.398765965638816
823,{1,2,3,5,6,9,10},7,0.767260883986102,1.643496447656378
824,{4,5,6,9,10},5,0.141584946374034,3.383778835575058
825,{1,4,5,6,9,10},6,0.559730170416872,1.632534423645637
826,{2,4,5,6,9,10},6,0.320565296493652,2.482040617035608
827,{1,2,4,5,6,9,10},7,0.732462401571202,1.650040678091713
828,{3,4,5,6,9,10},6,0.234606682982356,2.988709282281121
829,{1,3,4,5,6,9,10},7,0.657046037567374,1.718664583205687
830,{2,3,4,5,6,9,10},7,0.412219247305068,2.460691222894162
831,{1,2,3,4,5,6,9,10},8,0.828936667929666,1.720161404039633
832,{7,9,10},3,0.041496563432727,4.236345592101287
833,{1,7,9,10},4,0.441841732318214,1.346287646808442
834,{2,7,9,10},4,0.218603048867055,2.257590895782258
835,{1,2,7,9,10},5,0.617703564198815,1.442296510556496
836,{3,7,9,10},4,0.134990744722587,2.961738981621664
837,{1,3,7,9,10},5,0.542564747956137,1.502867606695268
838,{2,3,7,9,10},5,0.310574953904697,2.291064361559236
839,{1,2,3,7,9,10},6,0.716332268708258,1.551895569273931
840,{4,7,9,10},4,0.097833928260564,3.458690875923764
841,{1,4,7,9,10},5,0.507396383955763,1.506654739524826
842,{2,4,7,9,10},5,0.275515513139107,2.375017811084845
843,{1,2,4,7,9,10},6,0.681353075418808,1.555003660225207
844,{3,4,7,9,10},5,0.190721168990214,2.939350277619823
845,{1,3,4,7,9,10},6,0.606100024098433,1.620119975287437
846,{2,3,4,7,9,10},6,0.367267557704581,2.376273687820785
847,{1,2,3,4,7,9,10},7,0.778744766959843,1.641487469228320
848,{5,7,9,10},4,0.078778305342562,3.789612494919936
849,{1,5,7,9,10},5,0.488004592430337,1.495168047482842
850,{2,5,7,9,10},5,0.257302412457456,2.398164358430321
851,{1,2,5,7,9,10},6,0.662238776731658,1.546313532441168
852,{3,5,7,9,10},5,0.172239554482698,3.030198544085039
853,{1,3,5,7,9,10},6,0.587057717767101,1.612963644759269
854,{2,3,5,7,9,10},6,0.349046709216500,2.393086039775838
855,{1,2,3,5,7,9,10},7,0.759844748128644,1.635474452144070
856,{4,5,7,9,10},5,0.134922317468712,3.413696858967086
857,{1,4,5,7,9,10},6,0.552170641130990,1.622205004658817
858,{2,4,5,7,9,10},6,0.313832887104791,2.477474045470274
859,{1,2,4,5,7,9,10},7,0.725028170962322,1.641826063825125
860,{3,4,5,7,9,10},6,0.227962907061677,2.995306647601836
861,{1,3,4,5,7,9,10},7,0.649643749630045,1.710549634936775
862,{2,3,4,5,7,9,10},7,0.405491446152889,2.456647065440798
863,{1,2,3,4,5,7,9,10},8,0.821609006351813,1.713395044927735
864,{6,7,9,10},4,0.067883084013940,4.002946239367589
865,{1,6,7,9,10},5,0.476135023793223,1.480308782775275
866,{2,6,7,9,10},5,0.246643129116715,2.398828421679156
867,{1,2,6,7,9,10},6,0.650627657140124,1.535315519107794
868,{3,6,7,9,10},5,0.161628094653464,3.067780817378463
869,{1,3,6,7,9,10},6,0.575484026716992,1.602385531485062
870,{2,3,6,7,9,10},6,0.338401213328411,2.392960326114135
871,{1,2,3,6,7,9,10},7,0.748416339426325,1.626983772928803
872,{4,6,7,9,10},5,0.124193316320243,3.495651899942942
873,{1,4,6,7,9,10},6,0.540559191197943,1.611567387316271
874,{2,4,6,7,9,10},6,0.303207829323101,2.480145645522569
875,{1,2,4,6,7,9,10},7,0.713577869791708,1.633215751417616
876,{3,4,6,7,9,10},6,0.217350690693729,3.021658829149843
877,{1,3,4,6,7,9,10},7,0.638243539579319,1.702492331168148
878,{2,3,4,6,7,9,10},7,0.394868399809013,2.457954140555607
879,{1,2,3,4,6,7,9,10},8,0.810299741529516,1.706521462530031
880,{5,6,7,9,10},5,0.105114126417600,3.751433530485571
881,{1,5,6,7,9,10},6,0.521392649350824,1.604507820718304
882,{2,5,6,7,9,10},6,0.284997838808752,2.507000568474638
883,{1,2,5,6,7,9,10},7,0.694602051102253,1.626993580861047
884,{3,5,6,7,9,10},6,0.198809429781922,3.108084318359516
885,{1,3,5,6,7,9,10},7,0.619351833166623,1.698022601581695
886,{2,3,5,6,7,9,10},7,0.376646064437042,2.477123351551924
887,{1,2,3,5,6,7,9,10},8,0.791501612960250,1.702200889880379
888,{4,5,6,7,9,10},6,0.161286535262663,3.449578705794210
889,{1,4,5,6,7,9,10},7,0.584645988608075,1.710958109746308
890,{2,4,5,6,7,9,10},7,0.341300690138384,2.562888011370390
891,{1,2,4,5,6,7,9,10},8,0.756795368279335,1.710928288101154
892,{3,4,5,6,7,9,10},7,0.254541455670086,3.060101612550881
893,{1,3,4,5,6,7,9,10},8,0.681289101519514,1.782557970564369
894,{2,3,4,5,6,7,9,10},8,0.432927346459513,2.526089032173218
895,{1,2,3,4,5,6,7,9,10},9,0.852805729494283,1.771943814149468
896,{8,9,10},3,0.037016865762044,4.379249850750000
897,{1,8,9,10},4,0.436333496441553,1.330492511941728
898,{2,8,9,10},4,0.213977923461141,2.243695786052768
899,{1,2,8,9,10},5,0.612410604718694,1.431660708151039
900,{3,8,9,10},4,0.130549598382654,2.959894285226028
901,{1,3,8,9,10},5,0.537273306766724,1.491699879729858
902,{2,3,8,9,10},5,0.305987079963658,2.281439904994187
903,{1,2,3,8,9,10},6,0.711167591586812,1.543566277628639
904,{4,8,9,10},4,0.093410625112461,3.478012495783389
905,{1,4,8,9,10},5,0.502068394815921,1.494942512336728
906,{2,4,8,9,10},5,0.270945379221657,2.365646319946180
907,{1,2,4,8,9,10},6,0.676167983315053,1.546359203519199
908,{3,4,8,9,10},5,0.186282062437987,2.937381277545725
909,{1,3,4,8,9,10},6,0.600928719988020,1.611227811504357
910,{2,3,4,8,9,10},6,0.362713072773799,2.369073984320735
911,{1,2,3,4,8,9,10},7,0.773660187540434,1.634467562350306
912,{5,8,9,10},4,0.074338909859612,3.833337017145055
913,{1,5,8,9,10},5,0.482641904013826,1.482944524289209
914,{2,5,8,9,10},5,0.252731274167352,2.388670915953739
915,{1,2,5,8,9,10},6,0.657033000385805,1.537387835148785
916,{3,5,8,9,10},5,0.167806357923765,3.030317784924463
917,{1,3,5,8,9,10},6,0.581863979770055,1.603783927883740
918,{2,3,5,8,9,10},6,0.344492180195356,2.385785102143601
919,{1,2,3,5,8,9,10},7,0.754745290039675,1.628270893949679
920,{4,5,8,9,10},5,0.130499078085147,3.426035035669628
921,{1,4,5,8,9,10},6,0.546950696755040,1.612713470544591
922,{2,4,5,8,9,10},6,0.309295699029853,2.470597764370197
923,{1,2,4,5,8,9,10},7,0.719913171582800,1.634406912309760
924,{3,4,5,8,9,10},6,0.223529324472111,2.994663174549217
925,{1,3,4,5,8,9,10},7,0.644548941700339,1.703032869448950
926,{2,3,4,5,8,9,10},7,0.400960187366144,2.450967338196719
927,{1,2,3,4,5,8,9,10},8,0.816578448364235,1.707228364400404
928,{6,8,9,10},4,0.063426325669697,4.069409346829644
929,{1,6,8,9,10},5,0.470744651497230,1.467632814278197
930,{2,6,8,9,10},5,0.242066497064507,2.389047451645254
931,{1,2,6,8,9,10},6,0.645405234334451,1.526151771347184
932,{3,6,8,9,10},5,0.157196351132246,3.068963842611794
933,{1,3,6,8,9,10},6,0.570271983962768,1.592951134221643
934,{2,3,6,8,9,10},6,0.333843315767209,2.385474107580166
935,{1,2,3,6,8,9,10},7,0.743304626645021,1.619623914872470
936,{4,6,8,9,10},5,0.119768647963494,3.512038567965448
937,{1,4,6,8,9,10},6,0.535319086415593,1.601803941042590
938,{2,4,6,8,9,10},6,0.298667737307945,2.473127617363957
939,{1,2,4,6,8,9,10},7,0.708449720508512,1.625630565604830
940,{3,4,6,8,9,10},6,0.212918149770166,3.021530290636676
941,{1,3,4,6,8,9,10},7,0.633134678451673,1.694804790952631
942,{2,3,4,6,8,9,10},7,0.390335073379598,2.452165975386222
943,{1,2,3,4,6,8,9,10},8,0.805259209326315,1.700239239149637
944,{5,6,8,9,10},5,0.100676253865132,3.782078282998924
945,{1,5,6,8,9,10},6,0.516124385070416,1.594410293903614
946,{2,5,6,8,9,10},6,0.280458729716722,2.500050559239853
947,{1,2,5,6,8,9,10},7,0.689456251733099,1.619197289082219
948,{3,5,6,8,9,10},6,0.194381339383620,3.109822841462773
949,{1,3,5,6,8,9,10},7,0.614224247031160,1.690131239795445
950,{2,3,5,6,8,9,10},7,0.372113669835036,2.471327059994088
951,{1,2,3,5,6,8,9,10},8,0.786448184149771,1.695775125293286
952,{4,5,6,8,9,10},6,0.156862376709702,3.460823571721505
953,{1,4,5,6,8,9,10},7,0.579498364694535,1.702883753007534
954,{2,4,5,6,8,9,10},7,0.336784992937143,2.557619480425544
955,{1,2,4,5,6,8,9,10},8,0.751729512435935,1.704349013420536
956,{3,4,5,6,8,9,10},7,0.250112038311560,3.060600723525653
957,{1,3,4,5,6,8,9,10},8,0.676247304490976,1.775974237394617
958,{2,3,4,5,6,8,9,10},8,0.428412425555402,2.521459807947046
959,{1,2,3,4,5,6,8,9,10},9,0.847813886294458,1.766383089962797
960,{7,8,9,10},4,0.056651605226096,4.223799240143933
961,{1,7,8,9,10},5,0.462917107829508,1.452730128637114
962,{2,7,8,9,10},5,0.235280202860148,2.381181545052513
963,{1,2,7,8,9,10},6,0.637803135676551,1.515405981200590
964,{3,7,8,9,10},5,0.150554180857421,3.082501307094532
965,{1,3,7,8,9,10},6,0.562687243974573,1.582109774300733
966,{2,3,7,8,9,10},6,0.327079529183877,2.379287273202024
967,{1,2,3,7,8,9,10},7,0.735851142209159,1.611139337387435
968,{4,7,8,9,10},5,0.113095921535572,3.555107106478772
969,{1,4,7,8,9,10},6,0.527698290547462,1.590673754825467
970,{2,4,7,8,9,10},6,0.291925221454385,2.468201874217257
971,{1,2,4,7,8,9,10},7,0.700975435579570,1.616925205061293
972,{3,4,7,8,9,10},6,0.206274926893660,3.029878253846263
973,{1,3,4,7,8,9,10},7,0.625689640161370,1.686188111194031
974,{2,3,4,7,8,9,10},7,0.383599967003495,2.447834533181314
975,{1,2,3,4,7,8,9,10},8,0.797901131263293,1.693132060748281
976,{5,7,8,9,10},5,0.093959095065271,3.853586207913651
977,{1,5,7,8,9,10},6,0.508466074482437,1.582918398135291
978,{2,5,7,8,9,10},6,0.273717754041121,2.495568423022121
979,{1,2,5,7,8,9,10},7,0.681958736353349,1.610252724548733
980,{3,5,7,8,9,10},6,0.187738973183177,3.121965843400076
981,{1,3,5,7,8,9,10},7,0.606754779230805,1.681301643408073
982,{2,3,5,7,8,9,10},7,0.365379863601392,2.467181016374553
983,{1,2,3,5,7,8,9,10},8,0.779073390963882,1.688509627534307
984,{4,5,7,8,9,10},6,0.150192894691864,3.491064149541145
985,{1,4,5,7,8,9,10},7,0.572004075140653,1.693945593683743
986,{2,4,5,7,8,9,10},7,0.330070468770922,2.554721066694299
987,{1,2,4,5,7,8,9,10},8,0.744339459747351,1.696953196239637
988,{3,4,5,7,8,9,10},7,0.243469058777751,3.068652496995838
989,{1,3,4,5,7,8,9,10},8,0.668892803788280,1.768777262600718
990,{2,3,4,5,7,8,9,10},8,0.421698149832184,2.518494863323895
991,{1,2,3,4,5,7,8,9,10},9,0.840521000247069,1.760208803991414
992,{6,7,8,9,10},5,0.083043072946345,4.036850811850456
993,{1,6,7,8,9,10},6,0.496719519205480,1.570991855048831
994,{2,6,7,8,9,10},6,0.263086942735018,2.499781207587759
995,{1,2,6,7,8,9,10},7,0.670423612116001,1.600792433831266
996,{3,6,7,8,9,10},6,0.177113936809292,3.161529819495357
997,{1,3,6,7,8,9,10},7,0.595265344676200,1.672481618308908
998,{2,3,6,7,8,9,10},7,0.354752754098155,2.469131376692246
999,{1,2,3,6,7,8,9,10},8,0.767702323434151,1.681071651549182
1000,{4,6,7,8,9,10},6,0.139441088235769,3.570081597681352
1001,{1,4,6,7,8,9,10},7,0.560485247721618,1.685244382820805
1002,{2,4,6,7,8,9,10},7,0.319461928720561,2.559611749441970
1003,{1,2,4,6,7,8,9,10},8,0.732950623533958,1.689480732369741
1004,{3,4,6,7,8,9,10},7,0.232846821285415,3.096465124308168
1005,{1,3,4,6,7,8,9,10},8,0.657559108319228,1.761985784443088
1006,{2,3,4,6,7,8,9,10},8,0.411087166952564,2.521241024178167
1007,{1,2,3,4,6,7,8,9,10},9,0.829259386364685,1.754152562344347
1008,{5,6,7,8,9,10},6,0.120298988399779,3.806241767989604
1009,{1,5,6,7,8,9,10},7,0.541452172603081,1.680983823582061
1010,{2,5,6,7,8,9,10},7,0.301248020120756,2.589359845650563
1011,{1,2,5,6,7,8,9,10},8,0.714059937330685,1.684903457921383
1012,{3,5,6,7,8,9,10},7,0.214256862739570,3.183077345703111
1013,{1,3,5,6,7,8,9,10},8,0.638759572188638,1.759321871186437
1014,{2,3,5,6,7,8,9,10},8,0.392860558730788,2.542316829279301
1015,{1,2,3,5,6,7,8,9,10},9,0.810525214690788,1.751002168398630
1016,{4,5,6,7,8,9,10},7,0.176544199255295,3.512428011331892
1017,{1,4,5,6,7,8,9,10},8,0.604164187401997,1.774881311256138
1018,{2,4,5,6,7,8,9,10},8,0.357420360403314,2.630227655897599
1019,{1,2,4,5,6,7,8,9,10},9,0.775888263248471,1.761456728754940
1020,{3,4,5,6,7,8,9,10},8,0.270005156733541,3.122588972503948
1021,{1,3,4,5,6,7,8,9,10},9,0.700301776061972,1.835543216199831
1022,{2,3,4,5,6,7,8,9,10},9,0.449042437221419,2.581525136879925
1023,{1,2,3,4,5,6,7,8,9,10},10,0.871542718780904,1.815392764920043
