subset_mask,subset_digits,cardinality,max_digit_in_subset,dimension
1,{1},1,1,0.000000000000000
2,{2},1,2,0.000000000000000
3,{1,2},2,2,0.531280506277205
4,{3},1,3,0.000000000000000
5,{1,3},2,3,0.454489077661829
6,{2,3},2,3,0.337436780806063
7,{1,2,3},3,3,0.705660908028738
8,{4},1,4,0.000000000000000
9,{1,4},2,4,0.411182724774792
10,{2,4},2,4,0.306312768052784
11,{1,2,4},3,4,0.669221486910286
12,{3,4},2,4,0.263737482897426
13,{1,3,4},3,4,0.604242257756489
14,{2,3,4},3,4,0.480696222317573
15,{1,2,3,4},4,4,0.788945557483154
16,{5},1,5,0.000000000000000
17,{1,5},2,5,0.382631102898852
18,{2,5},2,5,0.285964050689145
19,{1,2,5},3,5,0.646062082871233
20,{3,5},2,5,0.246570505647546
21,{1,3,5},3,5,0.581366821182972
22,{2,3,5},3,5,0.461613684018289
23,{1,2,3,5},4,5,0.770914939938412
24,{4,5},2,5,0.224660480485203
25,{1,4,5},3,5,0.546023546363114
26,{2,4,5},3,5,0.433306422396150
27,{1,2,4,5},4,5,0.740026860682427
28,{3,4,5},3,5,0.388689313381563
29,{1,3,4,5},4,5,0.682111998269430
30,{2,3,4,5},4,5,0.559636450164777
31,{1,2,3,4,5},5,5,0.836829443681209
32,{6},1,6,0.000000000000000
33,{1,6},2,6,0.362020036579795
34,{2,6},2,6,0.271360640966469
35,{1,2,6},3,6,0.629896576338890
36,{3,6},2,6,0.234280182716389
37,{1,3,6},3,6,0.565275219331238
38,{2,3,6},3,6,0.448140106007420
39,{1,2,3,6},4,6,0.758859676661912
40,{4,6},2,6,0.213638357413903
41,{1,4,6},3,6,0.529948626701147
42,{2,4,6},3,6,0.420198994596924
43,{1,2,4,6},4,6,0.727524048629384
44,{3,4,6},3,6,0.376653185869047
45,{1,3,4,6},4,6,0.669391520481867
46,{2,3,4,6},4,6,0.548329753485869
47,{1,2,3,4,6},5,6,0.826908494720741
48,{5,6},2,6,0.200198526657358
49,{1,5,6},3,6,0.507195284603772
50,{2,5,6},3,6,0.402222513697352
51,{1,2,5,6},4,6,0.708205436831438
52,{3,5,6},3,6,0.360402401456406
53,{1,3,5,6},4,6,0.650205514491609
54,{2,3,5,6},4,6,0.531803767072710
55,{1,2,3,5,6},5,6,0.811015836204176
56,{4,5,6},3,6,0.337493394472547
57,{1,4,5,6},4,6,0.619459910001764
58,{2,4,5,6},4,6,0.506137897107818
59,{1,2,4,5,6},5,6,0.783352044463344
60,{3,4,5,6},4,6,0.462729378222733
61,{1,3,4,5,6},5,6,0.729955727338289
62,{2,3,4,5,6},5,6,0.609479130090469
63,{1,2,3,4,5,6},6,6,0.867619173240111
64,{7},1,7,0.000000000000000
65,{1,7},2,7,0.346238243533958
66,{2,7},2,7,0.260223877422179
67,{1,2,7},3,7,0.617903695463376
68,{3,7},2,7,0.224923947191779
69,{1,3,7},3,7,0.553242250567311
70,{2,3,7},3,7,0.438012405714031
71,{1,2,3,7},4,7,0.750263061337143
72,{4,7},2,7,0.205253419367365
73,{1,4,7},3,7,0.517883757006917
74,{2,4,7},3,7,0.410329315837687
75,{1,2,4,7},4,7,0.718541887470370
76,{3,4,7},3,7,0.367579139591901
77,{1,3,4,7},4,7,0.660155379832378
78,{2,3,4,7},4,7,0.540035812154759
79,{1,2,3,4,7},5,7,0.820003947126869
80,{5,7},2,7,0.192441469419072
81,{1,5,7},3,7,0.495097278459407
82,{2,5,7},3,7,0.392510148043097
83,{1,2,5,7},4,7,0.698931937193795
84,{3,5,7},3,7,0.351553417273054
85,{1,3,5,7},4,7,0.640758508349918
86,{2,3,5,7},4,7,0.523451929741104
87,{1,2,3,5,7},5,7,0.803880886350460
88,{4,5,7},3,7,0.329097653518214
89,{1,4,5,7},4,7,0.609866622387690
90,{2,4,5,7},4,7,0.497840546918319
91,{1,2,4,5,7},5,7,0.775922669894214
92,{3,4,5,7},4,7,0.454830043000086
93,{1,3,4,5,7},5,7,0.722285337898849
94,{2,3,4,5,7},5,7,0.602419961914230
95,{1,2,3,4,5,7},6,7,0.861656174579466
96,{6,7},2,7,0.183278288617385
97,{1,6,7},3,7,0.478949597992301
98,{2,6,7},3,7,0.379879487314644
99,{1,2,6,7},4,7,0.685572700613755
100,{3,6,7},3,7,0.340190755693021
101,{1,3,6,7},4,7,0.627424716172619
102,{2,3,6,7},4,7,0.511982516761550
103,{1,2,3,6,7},5,7,0.793276436762715
104,{4,6,7},3,7,0.318403041752170
105,{1,4,6,7},4,7,0.596486814110279
106,{2,4,6,7},4,7,0.486552342050083
107,{1,2,4,6,7},5,7,0.764980577626299
108,{3,4,6,7},4,7,0.444214526901746
109,{1,3,4,6,7},5,7,0.711178636244947
110,{2,3,4,6,7},5,7,0.592445894072733
111,{1,2,3,4,6,7},6,7,0.852653803668301
112,{5,6,7},3,7,0.304350378425167
113,{1,5,6,7},4,7,0.577007048267558
114,{2,5,6,7},4,7,0.470526837631728
115,{1,2,5,6,7},5,7,0.747886502398303
116,{3,5,6,7},4,7,0.429337197564981
117,{1,3,5,6,7},5,7,0.694188832960304
118,{2,3,5,6,7},5,7,0.577587294627906
119,{1,2,3,5,6,7},6,7,0.838128833112607
120,{4,5,6,7},4,7,0.407273649535995
121,{1,4,5,6,7},5,7,0.666367050358544
122,{2,4,5,6,7},5,7,0.553861551149042
123,{1,2,4,5,6,7},6,7,0.812575531769221
124,{3,4,5,6,7},5,7,0.511944925761063
125,{1,3,4,5,6,7},6,7,0.762306042736558
126,{2,3,4,5,6,7},6,7,0.643762381598041
127,{1,2,3,4,5,6,7},7,7,0.888955316671875
128,{8},1,8,0.000000000000000
129,{1,8},2,8,0.333645652226561
130,{2,8},2,8,0.251362035323083
131,{1,2,8},3,8,0.608616964557154
132,{3,8},2,8,0.217488411693057
133,{1,3,8},3,8,0.543850582457278
134,{2,3,8},3,8,0.430059395028281
135,{1,2,3,8},4,8,0.743845886803027
136,{4,8},2,8,0.198593213056240
137,{1,4,8},3,8,0.508432315058140
138,{2,4,8},3,8,0.402565046440381
139,{1,2,4,8},4,8,0.711789746346215
140,{3,4,8},3,8,0.360430149145032
141,{1,3,4,8},4,8,0.653140652331806
142,{2,3,4,8},4,8,0.533666777142801
143,{1,2,3,4,8},5,8,0.814962154019863
144,{5,8},2,8,0.186281061468866
145,{1,5,8},3,8,0.485600274063100
146,{2,5,8},3,8,0.384861373346325
147,{1,2,5,8},4,8,0.691930077649272
148,{3,5,8},3,8,0.344576484095966
149,{1,3,5,8},4,8,0.633556678601503
150,{2,3,5,8},4,8,0.517022032599778
151,{1,2,3,5,8},5,8,0.798649106806945
152,{4,5,8},3,8,0.322473193182346
153,{1,4,5,8},4,8,0.602516208113806
154,{2,4,5,8},4,8,0.491432296660235
155,{1,2,4,5,8},5,8,0.770439597193692
156,{3,4,5,8},4,8,0.448708036834031
157,{1,3,4,5,8},5,8,0.716565855590005
158,{2,3,4,5,8},5,8,0.597091267185683
159,{1,2,3,4,5,8},6,8,0.857360920353744
160,{6,8},2,8,0.177473445807325
161,{1,6,8},3,8,0.469413034191721
162,{2,6,8},3,8,0.372308249162453
163,{1,2,6,8},4,8,0.678373843710150
164,{3,6,8},3,8,0.333332312618306
165,{1,3,6,8},4,8,0.620072157054753
166,{2,3,6,8},4,8,0.505496478125594
167,{1,2,3,6,8},5,8,0.787899421659432
168,{4,6,8},3,8,0.311918648106703
169,{1,4,6,8},4,8,0.589015323394293
170,{2,4,6,8},4,8,0.480113128209352
171,{1,2,4,6,8},5,8,0.759353445471551
172,{3,4,6,8},4,8,0.438097545266211
173,{1,3,4,6,8},5,8,0.705333203445822
174,{2,3,4,6,8},5,8,0.587046844841158
175,{1,2,3,4,6,8},6,8,0.848252010262863
176,{5,6,8},3,8,0.298100996917512
177,{1,5,6,8},4,8,0.569437168555759
178,{2,5,6,8},4,8,0.464100869897209
179,{1,2,5,6,8},5,8,0.742074450117775
180,{3,5,6,8},4,8,0.423276819782657
181,{1,3,5,6,8},5,8,0.688195301357104
182,{2,3,5,6,8},5,8,0.572122952306267
183,{1,2,3,5,6,8},6,8,0.833579220356008
184,{4,5,6,8},4,8,0.401385042170579
185,{1,4,5,6,8},5,8,0.660234434906517
186,{2,4,5,6,8},5,8,0.548376923427105
187,{1,2,4,5,6,8},6,8,0.807826892478569
188,{3,4,5,6,8},5,8,0.506620243941066
189,{1,3,4,5,6,8},6,8,0.757358595024032
190,{2,3,4,5,6,8},6,8,0.639105939610830
191,{1,2,3,4,5,6,8},7,8,0.885117591738263
192,{7,8},2,8,0.170773384198843
193,{1,7,8},3,8,0.457207891884625
194,{2,7,8},3,8,0.362831089611855
195,{1,2,7,8},4,8,0.668516040549043
196,{3,7,8},3,8,0.324838688357958
197,{1,3,7,8},4,8,0.610180716427562
198,{2,3,7,8},4,8,0.496981147396435
199,{1,2,3,7,8},5,8,0.780331080329736
200,{4,7,8},3,8,0.303941708554491
201,{1,4,7,8},4,8,0.579066912237091
202,{2,4,7,8},4,8,0.471727291754312
203,{1,2,4,7,8},5,8,0.751495044440424
204,{3,4,7,8},4,8,0.430216268166337
205,{1,3,4,7,8},5,8,0.697289216410593
206,{2,3,4,7,8},5,8,0.579780168649201
207,{1,2,3,4,7,8},6,8,0.841970383173375
208,{5,7,8},3,8,0.290449361707351
209,{1,5,7,8},4,8,0.559426473082246
210,{2,5,7,8},4,8,0.455778272445245
211,{1,2,5,7,8},5,8,0.733997370987354
212,{3,5,7,8},4,8,0.415506894499060
213,{1,3,5,7,8},5,8,0.679989513797831
214,{2,3,5,7,8},5,8,0.564801927172683
215,{1,2,3,5,7,8},6,8,0.827111495632584
216,{4,5,7,8},4,8,0.393882795527628
217,{1,4,5,7,8},5,8,0.651908426194409
218,{2,4,5,7,8},5,8,0.541078652494271
219,{1,2,4,5,7,8},6,8,0.801122375394178
220,{3,4,5,7,8},5,8,0.499602969409948
221,{1,3,4,5,7,8},6,8,0.750464068155043
222,{2,3,4,5,7,8},6,8,0.632746301748072
223,{1,2,3,4,5,7,8},7,8,0.879596060890657
224,{6,7,8},3,8,0.280861426715553
225,{1,6,7,8},4,8,0.545758544050284
226,{2,6,7,8},4,8,0.444655530864108
227,{1,2,6,7,8},5,8,0.722268364131050
228,{3,6,7,8},4,8,0.405233035504370
229,{1,3,6,7,8},5,8,0.668285928278258
230,{2,3,6,7,8},5,8,0.554603158357726
231,{1,2,3,6,7,8},6,8,0.817450685606425
232,{4,6,7,8},4,8,0.384030051316207
233,{1,4,6,7,8},5,8,0.640154104787405
234,{2,4,6,7,8},5,8,0.530992301498201
235,{1,2,4,6,7,8},6,8,0.791191408129445
236,{3,4,6,7,8},5,8,0.490007053874627
237,{1,3,4,6,7,8},6,8,0.740409798290267
238,{2,3,4,6,7,8},6,8,0.623672944339203
239,{1,2,3,4,6,7,8},7,8,0.871226651114297
240,{5,6,7,8},4,8,0.370570871965633
241,{1,5,6,7,8},5,8,0.622747355883555
242,{2,5,6,7,8},5,8,0.516366302991949
243,{1,2,5,6,7,8},6,8,0.775557113075578
244,{3,5,6,7,8},5,8,0.476245017095832
245,{1,3,5,6,7,8},6,8,0.724880948287028
246,{2,3,5,6,7,8},6,8,0.609978384891345
247,{1,2,3,5,6,7,8},7,8,0.857652783580856
248,{4,5,6,7,8},5,8,0.455175480706461
249,{1,4,5,6,7,8},6,8,0.699079746990277
250,{2,4,5,6,7,8},6,8,0.587693488943830
251,{1,2,4,5,6,7,8},7,8,0.833591305371066
252,{3,4,5,6,7,8},6,8,0.547118760751628
253,{1,3,4,5,6,7,8},7,8,0.785616988938199
254,{2,3,4,5,6,7,8},7,8,0.668778926752548
255,{1,2,3,4,5,6,7,8},8,8,0.904552689531531
256,{9},1,9,0.000000000000000
257,{1,9},2,9,0.323287558168538
258,{2,9},2,9,0.244086216602448
259,{1,2,9},3,9,0.601193436609544
260,{3,9},2,9,0.211389225090677
261,{1,3,9},3,9,0.536284551064391
262,{2,3,9},3,9,0.423609677511697
263,{1,2,3,9},4,9,0.738888493216358
264,{4,9},2,9,0.193132031339160
265,{1,4,9},3,9,0.500790232186493
266,{2,4,9},3,9,0.396257039338224
267,{1,2,4,9},4,9,0.706538977467942
268,{3,4,9},3,9,0.354612359047808
269,{1,3,4,9},4,9,0.647631658836676
270,{2,3,4,9},4,9,0.528607452151907
271,{1,2,3,4,9},5,9,0.811144747442978
272,{5,9},2,9,0.181230302070740
273,{1,5,9},3,9,0.477905502185344
274,{2,5,9},3,9,0.378640486768417
275,{1,2,5,9},4,9,0.686462498445598
276,{3,5,9},3,9,0.338894397203770
277,{1,3,5,9},4,9,0.627880541334543
278,{2,3,5,9},4,9,0.511901917142925
279,{1,2,3,5,9},5,9,0.794672580773390
280,{4,5,9},3,9,0.317073920209073
281,{1,4,5,9},4,9,0.596694742517287
282,{2,4,5,9},4,9,0.486313699008552
283,{1,2,4,5,9},5,9,0.766246788629954
284,{3,4,5,9},4,9,0.443800744277613
285,{1,3,4,5,9},5,9,0.712149334515271
286,{2,3,4,5,9},5,9,0.592924327774688
287,{1,2,3,4,5,9},6,9,0.854148470708105
288,{6,9},2,9,0.172714211845589
289,{1,6,9},3,9,0.461676241940599
290,{2,6,9},3,9,0.366146040539890
291,{1,2,6,9},4,9,0.672736304106865
292,{3,6,9},3,9,0.327743799076775
293,{1,3,6,9},4,9,0.614262955798179
294,{2,3,6,9},4,9,0.500322800596841
295,{1,2,3,6,9},5,9,0.783801804468504
296,{4,6,9},3,9,0.306631207895783
297,{1,4,6,9},4,9,0.583084810272863
298,{2,4,6,9},4,9,0.474961949827225
299,{1,2,4,6,9},5,9,0.755039346554296
300,{3,4,6,9},4,9,0.433188157470956
301,{1,3,4,6,9},5,9,0.700808569859608
302,{2,3,4,6,9},5,9,0.582816935439911
303,{1,2,3,4,6,9},6,9,0.844952414012303
304,{5,6,9},3,9,0.293002642579817
305,{1,5,6,9},4,9,0.563411388173636
306,{2,5,6,9},4,9,0.458950673262216
307,{1,2,5,6,9},5,9,0.737601903985279
308,{3,5,6,9},4,9,0.418405586036865
309,{1,3,5,6,9},5,9,0.683540337556604
310,{2,3,5,6,9},5,9,0.567831149954972
311,{1,2,3,5,6,9},6,9,0.830157032891065
312,{4,5,6,9},4,9,0.396643664033915
313,{1,4,5,6,9},5,9,0.655448039799043
314,{2,4,5,6,9},5,9,0.544054623722237
315,{1,2,4,5,6,9},6,9,0.804235066385055
316,{3,4,5,6,9},5,9,0.502406189896781
317,{1,3,4,5,6,9},6,9,0.753581184252228
318,{2,3,4,5,6,9},6,9,0.635505470251990
319,{1,2,3,4,5,6,9},7,9,0.882270536442363
320,{7,9},2,9,0.166234888109214
321,{1,7,9},3,9,0.449434957369563
322,{2,7,9},3,9,0.356710723931841
323,{1,2,7,9},4,9,0.662740038811485
324,{3,7,9},3,9,0.319318928869442
325,{1,3,7,9},4,9,0.604261456523320
326,{2,3,7,9},4,9,0.491760055645875
327,{1,2,3,7,9},5,9,0.776137869665902
328,{4,7,9},3,9,0.298737044041912
329,{1,4,7,9},4,9,0.573045034903153
330,{2,4,7,9},4,9,0.466545141648621
331,{1,2,4,7,9},5,9,0.747084369664478
332,{3,4,7,9},4,9,0.425299924429032
333,{1,3,4,7,9},5,9,0.692677082807236
334,{2,3,4,7,9},5,9,0.575497155423256
335,{1,2,3,4,7,9},6,9,0.838603506955024
336,{5,7,9},3,9,0.285442649016732
337,{1,5,7,9},4,9,0.553322688733995
338,{2,5,7,9},4,9,0.450608303483198
339,{1,2,5,7,9},5,9,0.729427311664586
340,{3,5,7,9},4,9,0.410638613823281
341,{1,3,5,7,9},5,9,0.675249087923722
342,{2,3,5,7,9},5,9,0.560461414723196
343,{1,2,3,5,7,9},6,9,0.823619680369768
344,{4,5,7,9},4,9,0.389157127848190
345,{1,4,5,7,9},5,9,0.647044097310238
346,{2,4,5,7,9},5,9,0.536716224668919
347,{1,2,4,5,7,9},6,9,0.797459472036063
348,{3,4,5,7,9},5,9,0.495364137540572
349,{1,3,4,5,7,9},6,9,0.746619654173149
350,{2,3,4,5,7,9},6,9,0.629100281433149
351,{1,2,3,4,5,7,9},7,9,0.876697462287864
352,{6,7,9},3,9,0.275992633962565
353,{1,6,7,9},4,9,0.539585776289276
354,{2,6,7,9},4,9,0.439486190250500
355,{1,2,6,7,9},5,9,0.717574686990017
356,{3,6,7,9},4,9,0.400391951907214
357,{1,3,6,7,9},5,9,0.663443886260744
358,{2,3,6,7,9},5,9,0.550212905440278
359,{1,2,3,6,7,9},6,9,0.813864924762588
360,{4,6,7,9},4,9,0.379346391179456
361,{1,4,6,7,9},5,9,0.635201600745694
362,{2,4,6,7,9},5,9,0.526592760452424
363,{1,2,4,6,7,9},6,9,0.787434523025576
364,{3,4,6,7,9},5,9,0.485751486300700
365,{1,3,4,6,7,9},6,9,0.736480532831840
366,{2,3,4,6,7,9},6,9,0.619974360824275
367,{1,2,3,4,6,7,9},7,9,0.868256970120684
368,{5,6,7,9},4,9,0.365978544167163
369,{1,5,6,7,9},5,9,0.617707138831761
370,{2,5,6,7,9},5,9,0.511946655844999
371,{1,2,5,6,7,9},6,9,0.771676063046271
372,{3,5,6,7,9},5,9,0.471995885848450
373,{1,3,5,6,7,9},6,9,0.720847016000326
374,{2,3,5,6,7,9},6,9,0.606224707963895
375,{1,2,3,5,6,7,9},7,9,0.854582762065150
376,{4,5,6,7,9},5,9,0.450993917353227
377,{1,4,5,6,7,9},6,9,0.694934093240422
378,{2,4,5,6,7,9},6,9,0.583903206281588
379,{1,2,4,5,6,7,9},7,9,0.830381461560309
380,{3,4,5,6,7,9},6,9,0.543393589894837
381,{1,3,4,5,6,7,9},7,9,0.782251057191445
382,{2,3,4,5,6,7,9},7,9,0.665559333081301
383,{1,2,3,4,5,6,7,9},8,9,0.901947724342998
384,{8,9},2,9,0.161087846212200
385,{1,8,9},3,9,0.439795588297542
386,{2,8,9},3,9,0.349266436712284
387,{1,2,8,9},4,9,0.655128679708799
388,{3,8,9},3,9,0.312666891841142
389,{1,3,8,9},4,9,0.596582247629980
390,{2,3,8,9},4,9,0.485134209730713
391,{1,2,3,8,9},5,9,0.770474832292494
392,{4,8,9},3,9,0.292500509967866
393,{1,4,8,9},4,9,0.565303212334393
394,{2,4,8,9},4,9,0.460015230773317
395,{1,2,4,8,9},5,9,0.741168666782239
396,{3,4,8,9},4,9,0.419163664598922
397,{1,3,4,8,9},5,9,0.686570887195767
398,{2,3,4,8,9},5,9,0.569940436498982
399,{1,2,3,4,8,9},6,9,0.834000066327144
400,{5,8,9},3,9,0.279467363990663
401,{1,5,8,9},4,9,0.545522662945432
402,{2,5,8,9},4,9,0.444125074284107
403,{1,2,5,8,9},5,9,0.723324148625611
404,{3,5,8,9},4,9,0.404588470155519
405,{1,3,5,8,9},5,9,0.669001141196060
406,{2,3,5,8,9},5,9,0.554852639619237
407,{1,2,3,5,8,9},6,9,0.818861514393404
408,{4,5,8,9},4,9,0.383316657803555
409,{1,4,5,8,9},5,9,0.640679927184762
410,{2,4,5,8,9},5,9,0.531112902013148
411,{1,2,4,5,8,9},6,9,0.792498186058608
412,{3,4,5,8,9},5,9,0.489966569141221
413,{1,3,4,5,8,9},6,9,0.741472207123971
414,{2,3,4,5,8,9},6,9,0.624308299942583
415,{1,2,3,4,5,8,9},7,9,0.872705122655907
416,{6,8,9},3,9,0.270199579158974
417,{1,6,8,9},4,9,0.531731704067955
418,{2,6,8,9},4,9,0.433026644641820
419,{1,2,6,8,9},5,9,0.711324645449958
420,{3,6,8,9},4,9,0.394394783446505
421,{1,3,6,8,9},5,9,0.657081699501412
422,{2,3,6,8,9},5,9,0.544556002540535
423,{1,2,3,6,8,9},6,9,0.808989428957721
424,{4,6,8,9},4,9,0.373575177520258
425,{1,4,6,8,9},5,9,0.628742862459557
426,{2,4,6,8,9},5,9,0.520957876247836
427,{1,2,4,6,8,9},6,9,0.782357706466787
428,{3,4,6,8,9},5,9,0.480347253805233
429,{1,3,4,6,8,9},6,9,0.731232366854812
430,{2,3,4,6,8,9},6,9,0.615124667354083
431,{1,2,3,4,6,8,9},7,9,0.864174328317931
432,{5,6,8,9},4,9,0.360340919289634
433,{1,5,6,8,9},5,9,0.611165720741634
434,{2,5,6,8,9},5,9,0.506308653917749
435,{1,2,5,6,8,9},6,9,0.766451061816374
436,{3,5,6,8,9},5,9,0.466619624332201
437,{1,3,5,6,8,9},6,9,0.715479828703202
438,{2,3,5,6,8,9},6,9,0.601319780811464
439,{1,2,3,5,6,8,9},7,9,0.850375148238028
440,{4,5,6,8,9},5,9,0.445729406937998
441,{1,4,5,6,8,9},6,9,0.689453658304264
442,{2,4,5,6,8,9},6,9,0.578976605519324
443,{1,2,4,5,6,8,9},7,9,0.826006419005867
444,{3,4,5,6,8,9},6,9,0.538589704089730
445,{1,3,4,5,6,8,9},7,9,0.777711830985206
446,{2,3,4,5,6,8,9},7,9,0.661291714832766
447,{1,2,3,4,5,6,8,9},8,9,0.898342478336012
448,{7,8,9},3,9,0.263182761335479
449,{1,7,8,9},4,9,0.521489232893782
450,{2,7,8,9},4,9,0.424758497459169
451,{1,2,7,8,9},5,9,0.702714342884499
452,{3,7,8,9},4,9,0.386788242559069
453,{1,3,7,8,9},5,9,0.648453424013140
454,{2,3,7,8,9},5,9,0.537045689268234
455,{1,2,3,7,8,9},6,9,0.802101998259850
456,{4,7,8,9},4,9,0.366297079302889
457,{1,4,7,8,9},5,9,0.620061219908750
458,{2,4,7,8,9},5,9,0.513528330251053
459,{1,2,4,7,8,9},6,9,0.775238073242401
460,{3,4,7,8,9},5,9,0.473287859700804
461,{1,3,4,7,8,9},6,9,0.723972081049876
462,{2,3,4,7,8,9},6,9,0.608549190129761
463,{1,2,3,4,7,8,9},7,9,0.858331207607060
464,{5,7,8,9},4,9,0.353260017004781
465,{1,5,7,8,9},5,9,0.602423601578617
466,{2,5,7,8,9},5,9,0.498909468087282
467,{1,2,5,7,8,9},6,9,0.759156379420970
468,{3,5,7,8,9},5,9,0.459626125599021
469,{1,3,5,7,8,9},6,9,0.708089053337156
470,{2,3,5,7,8,9},6,9,0.594696365909720
471,{1,2,3,5,7,8,9},7,9,0.844375009904290
472,{4,5,7,8,9},5,9,0.438918720993086
473,{1,4,5,7,8,9},6,9,0.681964055493091
474,{2,4,5,7,8,9},6,9,0.572364334679454
475,{1,2,4,5,7,8,9},7,9,0.819807863741017
476,{3,4,5,7,8,9},6,9,0.532197861608909
477,{1,3,4,5,7,8,9},7,9,0.771359521036600
478,{2,3,4,5,7,8,9},7,9,0.655429743686332
479,{1,2,3,4,5,7,8,9},8,9,0.893142174560710
480,{6,7,8,9},4,9,0.344106981103578
481,{1,6,7,8,9},5,9,0.590320934076984
482,{2,6,7,8,9},5,9,0.488851965479356
483,{1,2,6,7,8,9},6,9,0.748501545839864
484,{3,6,7,8,9},5,9,0.450208025798606
485,{1,3,6,7,8,9},6,9,0.697469569789428
486,{2,3,6,7,8,9},6,9,0.585376188167484
487,{1,2,3,6,7,8,9},7,9,0.835378768067503
488,{4,6,7,8,9},5,9,0.429801083364005
489,{1,4,6,7,8,9},6,9,0.671300805429289
490,{2,4,6,7,8,9},6,9,0.563125441305870
491,{1,2,4,6,7,8,9},7,9,0.810587021555012
492,{3,4,6,7,8,9},6,9,0.523350684647898
493,{1,3,4,6,7,8,9},7,9,0.762047248466513
494,{2,3,4,6,7,8,9},7,9,0.647006024894921
495,{1,2,3,4,6,7,8,9},8,9,0.885235621236264
496,{5,6,7,8,9},5,9,0.417034954481590
497,{1,5,6,7,8,9},6,9,0.655325355019432
498,{2,5,6,7,8,9},6,9,0.549530546736789
499,{1,2,5,6,7,8,9},7,9,0.795987895633993
500,{3,5,6,7,8,9},6,9,0.510457948850020
501,{1,3,5,6,7,8,9},7,9,0.747562868880070
502,{2,3,5,6,7,8,9},7,9,0.634169277576857
503,{1,2,3,5,6,7,8,9},8,9,0.872362292807695
504,{4,5,6,7,8,9},6,9,0.490275991262822
505,{1,4,5,6,7,8,9},7,9,0.723243920502947
506,{2,4,5,6,7,8,9},7,9,0.612988876722321
507,{1,2,4,5,6,7,8,9},8,9,0.849413455501386
508,{3,4,5,6,7,8,9},7,9,0.573558885046442
509,{1,3,4,5,6,7,8,9},8,9,0.803199519815072
510,{2,3,4,5,6,7,8,9},8,9,0.687840990324773
511,{1,2,3,4,5,6,7,8,9},9,9,0.916421112513764
512,{10},1,10,0.000000000000000
513,{1,10},2,10,0.314566354331966
514,{2,10},2,10,0.237967738603606
515,{1,2,10},3,10,0.595111736583651
516,{3,10},2,10,0.206263576029093
517,{1,3,10},3,10,0.530038797710824
518,{2,3,10},3,10,0.418248398741126
519,{1,2,3,10},4,10,0.734954978499319
520,{4,10},2,10,0.188543748067462
521,{1,4,10},3,10,0.494459014795388
522,{2,4,10},3,10,0.391004145673301
523,{1,2,4,10},4,10,0.702346609133740
524,{3,4,10},3,10,0.349759117410039
525,{1,3,4,10},4,10,0.643191461385398
526,{2,3,4,10},4,10,0.524482420841909
527,{1,2,3,4,10},5,10,0.808171122026655
528,{5,10},2,10,0.176987159111903
529,{1,5,10},3,10,0.471517637288279
530,{2,5,10},3,10,0.373454599424410
531,{1,2,5,10},4,10,0.682079910756431
532,{3,5,10},3,10,0.334150763734874
533,{1,3,5,10},4,10,0.623290090943573
534,{2,3,5,10},4,10,0.507717622433035
535,{1,2,3,5,10},5,10,0.791563942800152
536,{4,5,10},3,10,0.312562713450297
537,{1,4,5,10},4,10,0.591964776451665
538,{2,4,5,10},4,10,0.482118193159600
539,{1,2,4,5,10},5,10,0.762950492490661
540,{3,4,5,10},4,10,0.439764127032989
541,{1,3,4,5,10},5,10,0.708644878285481
542,{2,3,4,5,10},5,10,0.589575847426735
543,{1,2,3,4,5,10},6,10,0.851673840795491
544,{6,10},2,10,0.168715929681205
545,{1,6,10},3,10,0.455245238811363
546,{2,6,10},3,10,0.361005449736840
547,{1,2,6,10},4,10,0.668205245528644
548,{3,6,10},3,10,0.323075866414452
549,{1,3,6,10},4,10,0.609553894762291
550,{2,3,6,10},4,10,0.496087842188202
551,{1,2,3,6,10},5,10,0.780590740681775
552,{4,6,10},3,10,0.302211518097730
553,{1,4,6,10},4,10,0.578256005368386
554,{2,4,6,10},4,10,0.470733598507275
555,{1,2,4,6,10},5,10,0.751639536297302
556,{3,4,6,10},4,10,0.429145003301803
557,{1,3,4,6,10},5,10,0.697210245586301
558,{2,3,4,6,10},5,10,0.579411844413740
559,{1,2,3,4,6,10},6,10,0.842405365754192
560,{5,6,10},3,10,0.288738874775551
561,{1,5,6,10},4,10,0.558491534457895
562,{2,5,6,10},4,10,0.454715528673182
563,{1,2,5,6,10},5,10,0.734064883482298
564,{3,5,6,10},4,10,0.414388066662492
565,{1,3,5,6,10},5,10,0.679826572174087
566,{2,3,5,6,10},5,10,0.564368040391665
567,{1,2,3,5,6,10},6,10,0.827506931436372
568,{4,5,6,10},4,10,0.392726548815895
569,{1,4,5,6,10},5,10,0.651611608205325
570,{2,4,5,6,10},5,10,0.540555611610991
571,{1,2,4,5,6,10},6,10,0.801439164384988
572,{3,4,5,6,10},5,10,0.498980439118296
573,{1,3,4,5,6,10},6,10,0.750614747531490
574,{2,3,4,5,6,10},6,10,0.632641893227878
575,{1,2,3,4,5,6,10},7,10,0.880093374880331
576,{7,10},2,10,0.162421842010651
577,{1,7,10},3,10,0.442968305996806
578,{2,7,10},3,10,0.351602517192770
579,{1,2,7,10},4,10,0.658088421912479
580,{3,7,10},3,10,0.314706696286719
581,{1,3,7,10},4,10,0.599454908495999
582,{2,3,7,10},4,10,0.487481088967876
583,{1,2,3,7,10},5,10,0.772846133619634
584,{4,7,10},3,10,0.294385141457064
585,{1,4,7,10},4,10,0.568134189779653
586,{2,4,7,10},4,10,0.462286748625623
587,{1,2,4,7,10},5,10,0.743602376837564
588,{3,4,7,10},4,10,0.421247409428616
589,{1,3,4,7,10},5,10,0.689003138086925
590,{2,3,4,7,10},5,10,0.572044777897309
591,{1,2,3,4,7,10},6,10,0.836000691506487
592,{5,7,10},3,10,0.281254279200715
593,{1,5,7,10},4,10,0.548331922173046
594,{2,5,7,10},4,10,0.446352638789829
595,{1,2,5,7,10},5,10,0.725806870057752
596,{3,5,7,10},4,10,0.406620210620609
597,{1,3,5,7,10},5,10,0.671461019290429
598,{2,3,5,7,10},5,10,0.556954542753684
599,{1,2,3,5,7,10},6,10,0.820911607449434
600,{4,5,7,10},4,10,0.385250125942115
601,{1,4,5,7,10},5,10,0.643139174463584
602,{2,4,5,7,10},5,10,0.533180515740455
603,{1,2,4,5,7,10},6,10,0.794603933236007
604,{3,4,5,7,10},5,10,0.491914638539198
605,{1,3,4,5,7,10},6,10,0.743596171362524
606,{2,3,4,5,7,10},6,10,0.626196869965669
607,{1,2,3,4,5,7,10},7,10,0.874478031640993
608,{6,7,10},3,10,0.271918196947458
609,{1,6,7,10},4,10,0.534529543859783
610,{2,6,7,10},4,10,0.435225915979350
611,{1,2,6,7,10},5,10,0.713847422105734
612,{3,6,7,10},4,10,0.396392075915452
613,{1,3,6,7,10},5,10,0.659566229160196
614,{2,3,6,7,10},5,10,0.546660043087833
615,{1,2,3,6,7,10},6,10,0.811078014401467
616,{4,6,7,10},4,10,0.375470765634025
617,{1,4,6,7,10},5,10,0.631217770709214
618,{2,4,6,7,10},5,10,0.523021561566806
619,{1,2,4,6,7,10},6,10,0.784499438412265
620,{3,4,6,7,10},5,10,0.482283836575423
621,{1,3,4,6,7,10},6,10,0.733384014882572
622,{2,3,4,6,7,10},6,10,0.617024202064026
623,{1,2,3,4,6,7,10},7,10,0.865978822487711
624,{5,6,7,10},4,10,0.362174606764495
625,{1,5,6,7,10},5,10,0.613641481325369
626,{2,5,6,7,10},5,10,0.508352074157771
627,{1,2,5,6,7,10},6,10,0.768634324009720
628,{3,5,6,7,10},5,10,0.468527733878638
629,{1,3,5,6,7,10},6,10,0.717658618217807
630,{2,3,5,6,7,10},6,10,0.603223756778706
631,{1,2,3,5,6,7,10},7,10,0.852220756780485
632,{4,5,6,7,10},5,10,0.447573793007730
633,{1,4,5,6,7,10},6,10,0.691642730442150
634,{2,4,5,6,7,10},6,10,0.580863195345452
635,{1,2,4,5,6,7,10},7,10,0.827899947384525
636,{3,4,5,6,7,10},6,10,0.540392656889149
637,{1,3,4,5,6,7,10},7,10,0.779626853528964
638,{2,3,4,5,6,7,10},7,10,0.663017888534265
639,{1,2,3,4,5,6,7,10},8,10,0.899965880834054
640,{8,10},2,10,0.157421317622924
641,{1,8,10},3,10,0.433297993314787
642,{2,8,10},3,10,0.344182271151103
643,{1,2,8,10},4,10,0.650376419699767
644,{3,8,10},3,10,0.308097473923012
645,{1,3,8,10},4,10,0.591693317070861
646,{2,3,8,10},4,10,0.480816459804602
647,{1,2,3,8,10},5,10,0.767117796393408
648,{4,8,10},3,10,0.288201120214760
649,{1,4,8,10},4,10,0.560322383026740
650,{2,4,8,10},4,10,0.455729397505090
651,{1,2,4,8,10},5,10,0.737619626069708
652,{3,4,8,10},4,10,0.415100607207629
653,{1,3,4,8,10},5,10,0.682834384519942
654,{2,3,4,8,10},5,10,0.566447776871771
655,{1,2,3,4,8,10},6,10,0.831353059797090
656,{5,8,10},3,10,0.275337593827837
657,{1,5,8,10},4,10,0.540470900129048
658,{2,5,8,10},4,10,0.439849699909586
659,{1,2,5,8,10},5,10,0.719635318416146
660,{3,5,8,10},4,10,0.400566414928515
661,{1,3,5,8,10},5,10,0.665151287616491
662,{2,3,5,8,10},5,10,0.551308187998480
663,{1,2,3,5,8,10},6,10,0.816107285133073
664,{4,5,8,10},4,10,0.379414972573181
665,{1,4,5,8,10},5,10,0.636717530670300
666,{2,4,5,8,10},5,10,0.527545168602173
667,{1,2,4,5,8,10},6,10,0.789594790976388
668,{3,4,5,8,10},5,10,0.486495434471151
669,{1,3,4,5,8,10},6,10,0.738402290467759
670,{2,3,4,5,8,10},6,10,0.621371554642139
671,{1,2,3,4,5,8,10},7,10,0.870452647198978
672,{6,8,10},3,10,0.266188016952985
673,{1,6,8,10},4,10,0.526621339838340
674,{2,6,8,10},4,10,0.428752386582090
675,{1,2,6,8,10},5,10,0.707527826824931
676,{3,6,8,10},4,10,0.390396315403614
677,{1,3,6,8,10},5,10,0.653142718929019
678,{2,3,6,8,10},5,10,0.540967485654586
679,{1,2,3,6,8,10},6,10,0.806154759870527
680,{4,6,8,10},4,10,0.369709502444593
681,{1,4,6,8,10},5,10,0.624703006193021
682,{2,4,6,8,10},5,10,0.517357030937017
683,{1,2,4,6,8,10},6,10,0.779373422126018
684,{3,4,6,8,10},5,10,0.476860600132102
685,{1,3,4,6,8,10},6,10,0.728088794041593
686,{2,3,4,6,8,10},6,10,0.612141654843684
687,{1,2,3,4,6,8,10},7,10,0.861861962998460
688,{5,6,8,10},4,10,0.356552570176527
689,{1,5,6,8,10},5,10,0.607047690363361
690,{2,5,6,8,10},5,10,0.502688435322474
691,{1,2,5,6,8,10},6,10,0.763358957985897
692,{3,5,6,8,10},5,10,0.463136474720049
693,{1,3,5,6,8,10},6,10,0.712244381991038
694,{2,3,5,6,8,10},6,10,0.598287303651160
695,{1,2,3,5,6,8,10},7,10,0.847977511357288
696,{4,5,6,8,10},5,10,0.442300263259297
697,{1,4,5,6,8,10},6,10,0.686117207366467
698,{2,4,5,6,8,10},6,10,0.575908204438979
699,{1,2,4,5,6,8,10},7,10,0.823487951429270
700,{3,4,5,6,8,10},6,10,0.535567077017800
701,{1,3,4,5,6,8,10},7,10,0.775051310326215
702,{2,3,4,5,6,8,10},7,10,0.658722933726629
703,{1,2,3,4,5,6,8,10},8,10,0.896334056708296
704,{7,8,10},3,10,0.259259244338931
705,{1,7,8,10},4,10,0.516328558370689
706,{2,7,8,10},4,10,0.420480765466383
707,{1,2,7,8,10},5,10,0.698830785665004
708,{3,7,8,10},4,10,0.382803920476066
709,{1,3,7,8,10},5,10,0.644441675324192
710,{2,3,7,8,10},5,10,0.533419217781858
711,{1,2,3,7,8,10},6,10,0.799204626210572
712,{4,7,8,10},4,10,0.362455266450540
713,{1,4,7,8,10},5,10,0.615957339444610
714,{2,4,7,8,10},5,10,0.509897928337523
715,{1,2,4,7,8,10},6,10,0.772190211748846
716,{3,4,7,8,10},5,10,0.469785322475186
717,{1,3,4,7,8,10},6,10,0.720769694557152
718,{2,3,4,7,8,10},6,10,0.605527830553348
719,{1,2,3,4,7,8,10},7,10,0.855973092417437
720,{5,7,8,10},4,10,0.349501928607601
721,{1,5,7,8,10},5,10,0.598247543021521
722,{2,5,7,8,10},5,10,0.495265290500872
723,{1,2,5,7,8,10},6,10,0.755999880951360
724,{3,5,7,8,10},5,10,0.456132382711096
725,{1,3,5,7,8,10},6,10,0.704795584150815
726,{2,3,5,7,8,10},6,10,0.591627773441809
727,{1,2,3,5,7,8,10},7,10,0.841930049720981
728,{4,5,7,8,10},5,10,0.435486472629193
729,{1,4,5,7,8,10},6,10,0.678573345296780
730,{2,4,5,7,8,10},6,10,0.569264489724006
731,{1,2,4,5,7,8,10},7,10,0.817240946438054
732,{3,4,5,7,8,10},6,10,0.529152856350362
733,{1,3,4,5,7,8,10},7,10,0.768652659480257
734,{2,3,4,5,7,8,10},7,10,0.652827954075442
735,{1,2,3,4,5,7,8,10},8,10,0.891097919355868
736,{6,7,8,10},4,10,0.340403757340993
737,{1,6,7,8,10},5,10,0.586085511790894
738,{2,6,7,8,10},5,10,0.485191342104715
739,{1,2,6,7,8,10},6,10,0.745261983092486
740,{3,6,7,8,10},5,10,0.446714456399622
741,{1,3,6,7,8,10},6,10,0.694105051285041
742,{2,3,6,7,8,10},6,10,0.582268079382187
743,{1,2,3,6,7,8,10},7,10,0.832869345255771
744,{4,6,7,8,10},5,10,0.426378306443903
745,{1,4,6,7,8,10},6,10,0.667846081324259
746,{2,4,6,7,8,10},6,10,0.559993169077916
747,{1,2,4,6,7,8,10},7,10,0.807955278690609
748,{3,4,6,7,8,10},6,10,0.520285669856791
749,{1,3,4,6,7,8,10},7,10,0.759280669729675
750,{2,3,4,6,7,8,10},7,10,0.644364897502696
751,{1,2,3,4,6,7,8,10},8,10,0.883141539212183
752,{5,6,7,8,10},5,10,0.413648222303486
753,{1,5,6,7,8,10},6,10,0.651800939336950
754,{2,5,6,7,8,10},6,10,0.546372128709942
755,{1,2,5,6,7,8,10},7,10,0.793268770536039
756,{3,5,6,7,8,10},6,10,0.507383737570420
757,{1,3,5,6,7,8,10},7,10,0.744720314918004
758,{2,3,5,6,7,8,10},7,10,0.631484160298065
759,{1,2,3,5,6,7,8,10},8,10,0.870196959284865
760,{4,5,6,7,8,10},6,10,0.487226921833113
761,{1,4,5,6,7,8,10},7,10,0.720314083159555
762,{2,4,5,6,7,8,10},7,10,0.610266825078854
763,{1,2,4,5,6,7,8,10},8,10,0.847146337155227
764,{3,4,5,6,7,8,10},7,10,0.570860766834224
765,{1,3,4,5,6,7,8,10},8,10,0.800810156343832
766,{2,3,4,5,6,7,8,10},8,10,0.685526469473321
767,{1,2,3,4,5,6,7,8,10},9,10,0.914576646118618
768,{9,10},2,10,0.153320136416162
769,{1,9,10},3,10,0.425435224016068
770,{2,9,10},3,10,0.338134844907212
771,{1,2,9,10},4,10,0.644299860165848
772,{3,9,10},3,10,0.302706307640446
773,{1,3,9,10},4,10,0.585528674013082
774,{2,3,9,10},4,10,0.475480321015055
775,{1,2,3,9,10},5,10,0.762728943604292
776,{4,9,10},3,10,0.283153823490843
777,{1,4,9,10},4,10,0.554092470105864
778,{2,4,9,10},4,10,0.450466130478515
779,{1,2,4,9,10},5,10,0.733008268975073
780,{3,4,9,10},4,10,0.410153531220152
781,{1,3,4,9,10},5,10,0.678035358546267
782,{2,3,4,9,10},5,10,0.562044743077805
783,{1,2,3,4,9,10},6,10,0.827853607941520
784,{5,9,10},3,10,0.270506320045197
785,{1,5,9,10},4,10,0.534186116343748
786,{2,5,9,10},4,10,0.434621728411035
787,{1,2,5,9,10},5,10,0.714860695217105
788,{3,5,9,10},4,10,0.395687965573320
789,{1,3,5,9,10},5,10,0.660226415882611
790,{2,3,5,9,10},5,10,0.546855800165278
791,{1,2,3,5,9,10},6,10,0.812477062580264
792,{4,5,9,10},4,10,0.374705855192475
793,{1,4,5,9,10},5,10,0.631681848950079
794,{2,4,5,9,10},5,10,0.523087541761126
795,{1,2,4,5,9,10},6,10,0.785788504788001
796,{3,4,5,9,10},5,10,0.482192470242998
797,{1,3,4,5,9,10},6,10,0.734418984293302
798,{2,3,4,5,9,10},6,10,0.617626063402377
799,{1,2,3,4,5,9,10},7,10,0.867454841776002
800,{6,9,10},3,10,0.261507362070743
801,{1,6,9,10},4,10,0.520288205216852
802,{2,6,9,10},4,10,0.423542159725935
803,{1,2,6,9,10},5,10,0.702626194641414
804,{3,6,9,10},4,10,0.385560163074234
805,{1,3,6,9,10},5,10,0.648117708878233
806,{2,3,6,9,10},5,10,0.536471159793464
807,{1,2,3,6,9,10},6,10,0.802425829658565
808,{4,6,9,10},4,10,0.365056208418125
809,{1,4,6,9,10},5,10,0.619583573221071
810,{2,4,6,9,10},5,10,0.512869437242825
811,{1,2,4,6,9,10},6,10,0.775469177495261
812,{3,4,6,9,10},5,10,0.472548784950454
813,{1,3,4,6,9,10},6,10,0.724018831435036
814,{2,3,4,6,9,10},6,10,0.608345072149913
815,{1,2,3,4,6,9,10},7,10,0.858789579790370
816,{5,6,9,10},4,10,0.352007398067744
817,{1,5,6,9,10},5,10,0.601851595421587
818,{2,5,6,9,10},5,10,0.498192758092880
819,{1,2,5,6,9,10},6,10,0.759327141985024
820,{3,5,6,9,10},5,10,0.458843080851273
821,{1,3,5,6,9,10},6,10,0.708069856717785
822,{2,3,5,6,9,10},6,10,0.594439647645085
823,{1,2,3,5,6,9,10},7,10,0.844800589903211
824,{4,5,6,9,10},5,10,0.438092287769386
825,{1,4,5,6,9,10},6,10,0.681836964660235
826,{2,4,5,6,9,10},6,10,0.572033380956626
827,{1,2,4,5,6,9,10},7,10,0.820167329894349
828,{3,4,5,6,9,10},6,10,0.531777425281740
829,{1,3,4,5,6,9,10},7,10,0.771576676962631
830,{2,3,4,5,6,9,10},7,10,0.655421701531169
831,{1,2,3,4,5,6,9,10},8,10,0.893649265240725
832,{7,9,10},3,10,0.254690849946399
833,{1,7,9,10},4,10,0.509951864187846
834,{2,7,9,10},4,10,0.415278921775638
835,{1,2,7,9,10},5,10,0.693826512889993
836,{3,7,9,10},4,10,0.377995454377049
837,{1,3,7,9,10},5,10,0.639334114200367
838,{2,3,7,9,10},5,10,0.528883954932305
839,{1,2,3,7,9,10},6,10,0.795398356630840
840,{4,7,9,10},4,10,0.357840264908796
841,{1,4,7,9,10},5,10,0.610767720101110
842,{2,4,7,9,10},5,10,0.505382142409971
843,{1,2,4,7,9,10},6,10,0.768208529303859
844,{3,4,7,9,10},5,10,0.465461787597372
845,{1,3,4,7,9,10},6,10,0.716630004312842
846,{2,3,4,7,9,10},6,10,0.601688291966380
847,{1,2,3,4,7,9,10},7,10,0.852843454153850
848,{5,7,9,10},4,10,0.345002029399431
849,{1,5,7,9,10},5,10,0.592989702586230
850,{2,5,7,9,10},5,10,0.490748573857212
851,{1,2,5,7,9,10},6,10,0.751890296408989
852,{3,5,7,9,10},5,10,0.451833775319716
853,{1,3,5,7,9,10},6,10,0.700553034053134
854,{2,3,5,7,9,10},6,10,0.587740340784873
855,{1,2,3,5,7,9,10},7,10,0.838694214162875
856,{4,5,7,9,10},5,10,0.431282137877966
857,{1,4,5,7,9,10},6,10,0.674230808813420
858,{2,4,5,7,9,10},6,10,0.565356120868762
859,{1,2,4,5,7,9,10},7,10,0.813860620348782
860,{3,4,5,7,9,10},6,10,0.525341014047458
861,{1,3,4,5,7,9,10},7,10,0.765122151432634
862,{2,3,4,5,7,9,10},7,10,0.649488648682785
863,{1,2,3,4,5,7,9,10},8,10,0.888367977895045
864,{6,7,9,10},4,10,0.335980227968703
865,{1,6,7,9,10},5,10,0.580769309701183
866,{2,6,7,9,10},5,10,0.480665925811782
867,{1,2,6,7,9,10},6,10,0.741053802769426
868,{3,6,7,9,10},5,10,0.442426275501628
869,{1,3,6,7,9,10},6,10,0.689781233969636
870,{2,3,6,7,9,10},6,10,0.578339141479947
871,{1,2,3,6,7,9,10},7,10,0.829554155666181
872,{4,6,7,9,10},5,10,0.422195104516470
873,{1,4,6,7,9,10},6,10,0.663432364488541
874,{2,4,6,7,9,10},6,10,0.556052508308583
875,{1,2,4,6,7,9,10},7,10,0.804496092570645
876,{3,4,6,7,9,10},6,10,0.516456751969854
877,{1,3,4,6,7,9,10},7,10,0.755679359426095
878,{2,3,4,6,7,9,10},7,10,0.640981394722945
879,{1,2,3,4,6,7,9,10},8,10,0.880349413563692
880,{5,6,7,9,10},5,10,0.409521272672508
881,{1,5,6,7,9,10},6,10,0.647314872232978
882,{2,5,6,7,9,10},6,10,0.542410920915703
883,{1,2,5,6,7,9,10},7,10,0.789705575051187
884,{3,5,6,7,9,10},6,10,0.503554410062580
885,{1,3,5,6,7,9,10},7,10,0.741031576342375
886,{2,3,5,6,7,9,10},7,10,0.628053824560055
887,{1,2,3,5,6,7,9,10},8,10,0.867317263183682
888,{4,5,6,7,9,10},6,10,0.483444287714879
889,{1,4,5,6,7,9,10},7,10,0.716531862428315
890,{2,4,5,6,7,9,10},7,10,0.606804279940830
891,{1,2,4,5,6,7,9,10},8,10,0.844145191493254
892,{3,4,5,6,7,9,10},7,10,0.567451495270746
893,{1,3,4,5,6,7,9,10},8,10,0.797675540347771
894,{2,3,4,5,6,7,9,10},8,10,0.682535939400266
895,{1,2,3,4,5,6,7,9,10},9,10,0.912103364721843
896,{8,9,10},3,10,0.249295885562503
897,{1,8,9,10},4,10,0.501916974431097
898,{2,8,9,10},4,10,0.408832156320734
899,{1,2,8,9,10},5,10,0.687201094402725
900,{3,8,9,10},4,10,0.372083594750317
901,{1,3,8,9,10},5,10,0.632665498967312
902,{2,3,8,9,10},5,10,0.523076426334536
903,{1,2,3,8,9,10},6,10,0.790243708494070
904,{4,8,9,10},4,10,0.352194330579470
905,{1,4,8,9,10},5,10,0.604045131020864
906,{2,4,8,9,10},5,10,0.499634770184549
907,{1,2,4,8,9,10},6,10,0.762851131799708
908,{3,4,8,9,10},5,10,0.460004745618602
909,{1,3,4,8,9,10},6,10,0.711126978523158
910,{2,3,4,8,9,10},6,10,0.596678177441002
911,{1,2,3,4,8,9,10},7,10,0.848554997050528
912,{5,8,9,10},4,10,0.339516020976141
913,{1,5,8,9,10},5,10,0.586213511226588
914,{2,5,8,9,10},5,10,0.485023477745050
915,{1,2,5,8,9,10},6,10,0.746382761379671
916,{3,5,8,9,10},5,10,0.446428113840255
917,{1,3,5,8,9,10},6,10,0.694936275687363
918,{2,3,5,8,9,10},6,10,0.582685905359293
919,{1,2,3,5,8,9,10},7,10,0.834274508724445
920,{4,5,8,9,10},5,10,0.426020544780052
921,{1,4,5,8,9,10},6,10,0.668520168755496
922,{2,4,5,8,9,10},6,10,0.560301849213533
923,{1,2,4,5,8,9,10},7,10,0.809270003648931
924,{3,4,5,8,9,10},6,10,0.520450057956393
925,{1,3,4,5,8,9,10},7,10,0.760379826101697
926,{2,3,4,5,8,9,10},7,10,0.645080394136293
927,{1,2,3,4,5,8,9,10},8,10,0.884600716770436
928,{6,8,9,10},4,10,0.330601437322507
929,{1,6,8,9,10},5,10,0.573942622828227
930,{2,6,8,9,10},5,10,0.474946759747573
931,{1,2,6,8,9,10},6,10,0.735429122722580
932,{3,6,8,9,10},5,10,0.437048235968134
933,{1,3,6,8,9,10},6,10,0.684072774180011
934,{2,3,6,8,9,10},6,10,0.573243607363209
935,{1,2,3,6,8,9,10},7,10,0.825035464323276
936,{4,6,8,9,10},5,10,0.416973315099076
937,{1,4,6,8,9,10},6,10,0.657644719643629
938,{2,4,6,8,9,10},6,10,0.550969278724251
939,{1,2,4,6,8,9,10},7,10,0.799808615093363
940,{3,4,6,8,9,10},6,10,0.511555565026625
941,{1,3,4,6,8,9,10},7,10,0.750852970777876
942,{2,3,4,6,8,9,10},7,10,0.636524375149975
943,{1,2,3,4,6,8,9,10},8,10,0.876503223174391
944,{5,6,8,9,10},5,10,0.404386418573275
945,{1,5,6,8,9,10},6,10,0.641457723145074
946,{2,5,6,8,9,10},6,10,0.537319316856981
947,{1,2,5,6,8,9,10},7,10,0.784894138673244
948,{3,5,6,8,9,10},6,10,0.498668661751611
949,{1,3,5,6,8,9,10},7,10,0.736105775493979
950,{2,3,5,6,8,9,10},7,10,0.623549458780884
951,{1,2,3,5,6,8,9,10},8,10,0.863362156594187
952,{4,5,6,8,9,10},6,10,0.478639649729741
953,{1,4,5,6,8,9,10},7,10,0.711511462131736
954,{2,4,5,6,8,9,10},7,10,0.602279762031341
955,{1,2,4,5,6,8,9,10},8,10,0.840045050804047
956,{3,4,5,6,8,9,10},7,10,0.563028974320236
957,{1,3,4,5,6,8,9,10},8,10,0.793436552144533
958,{2,3,4,5,6,8,9,10},8,10,0.678557250290140
959,{1,2,3,4,5,6,8,9,10},9,10,0.908674362132016
960,{7,8,9,10},4,10,0.323916731826461
961,{1,7,8,9,10},5,10,0.564935792504050
962,{2,7,8,9,10},5,10,0.467523310111673
963,{1,2,7,8,9,10},6,10,0.727644805926239
964,{3,7,8,9,10},5,10,0.430123596729411
965,{1,3,7,8,9,10},6,10,0.676285414920118
966,{2,3,7,8,9,10},6,10,0.566424126514279
967,{1,2,3,7,8,9,10},7,10,0.818633793955245
968,{4,7,8,9,10},5,10,0.410283805044686
969,{1,4,7,8,9,10},6,10,0.649812382516552
970,{2,4,7,8,9,10},6,10,0.544208105911089
971,{1,2,4,7,8,9,10},7,10,0.793213510798399
972,{3,4,7,8,9,10},6,10,0.505090790542571
973,{1,3,4,7,8,9,10},7,10,0.744149135851723
974,{2,3,4,7,8,9,10},7,10,0.630447426106570
975,{1,2,3,4,7,8,9,10},8,10,0.870985929812675
976,{5,7,8,9,10},5,10,0.397831637660465
977,{1,5,7,8,9,10},6,10,0.633571881975058
978,{2,5,7,8,9,10},6,10,0.530574754549785
979,{1,2,5,7,8,9,10},7,10,0.778152961906143
980,{3,5,7,8,9,10},6,10,0.492248099200128
981,{1,3,5,7,8,9,10},7,10,0.729293019580435
982,{2,3,5,7,8,9,10},7,10,0.617430704737109
983,{1,2,3,5,7,8,9,10},8,10,0.857708343126631
984,{4,5,7,8,9,10},6,10,0.472356644440882
985,{1,4,5,7,8,9,10},7,10,0.704616625744731
986,{2,4,5,7,8,9,10},7,10,0.596167874769554
987,{1,2,4,5,7,8,9,10},8,10,0.834220176899265
988,{3,4,5,7,8,9,10},7,10,0.557102250749908
989,{1,3,4,5,7,8,9,10},8,10,0.787485005526456
990,{2,3,4,5,7,8,9,10},8,10,0.673067799246336
991,{1,2,3,4,5,7,8,9,10},9,10,0.903718357898149
992,{6,7,8,9,10},5,10,0.389187962093459
993,{1,6,7,8,9,10},6,10,0.622549262956469
994,{2,6,7,8,9,10},6,10,0.521297918711953
995,{1,2,6,7,8,9,10},7,10,0.768262684242151
996,{3,6,7,8,9,10},6,10,0.483489902888833
997,{1,3,6,7,8,9,10},7,10,0.719449583133797
998,{2,3,6,7,8,9,10},7,10,0.608755571853107
999,{1,2,3,6,7,8,9,10},8,10,0.849206383231812
1000,{4,6,7,8,9,10},6,10,0.463831513433452
1001,{1,4,6,7,8,9,10},7,10,0.694738443817632
1002,{2,4,6,7,8,9,10},7,10,0.587558181621594
1003,{1,2,4,6,7,8,9,10},8,10,0.825526435228155
1004,{3,4,6,7,8,9,10},7,10,0.548824560495218
1005,{1,3,4,6,7,8,9,10},8,10,0.778724918080344
1006,{2,3,4,6,7,8,9,10},8,10,0.665135341043873
1007,{1,2,3,4,6,7,8,9,10},9,10,0.896165264285329
1008,{5,6,7,8,9,10},6,10,0.451685666378432
1009,{1,5,6,7,8,9,10},7,10,0.679812728831492
1010,{2,5,6,7,8,9,10},7,10,0.574750834709228
1011,{1,2,5,6,7,8,9,10},8,10,0.811701586992794
1012,{3,5,6,7,8,9,10},7,10,0.536617687288223
1013,{1,3,5,6,7,8,9,10},8,10,0.765026069175889
1014,{2,3,5,6,7,8,9,10},8,10,0.652957526802930
1015,{1,2,3,5,6,7,8,9,10},9,10,0.883830068980988
1016,{4,5,6,7,8,9,10},7,10,0.517190750189201
1017,{1,4,5,6,7,8,9,10},8,10,0.741843280926768
1018,{2,4,5,6,7,8,9,10},8,10,0.632649648762670
1019,{1,2,4,5,6,7,8,9,10},9,10,0.861744555806639
1020,{3,4,5,6,7,8,9,10},8,10,0.594190283636341
1021,{1,3,4,5,6,7,8,9,10},9,10,0.816926909007249
1022,{2,3,4,5,6,7,8,9,10},9,10,0.702854014943573
1023,{1,2,3,4,5,6,7,8,9,10},10,10,0.925737591146766
