step,time,max_vorticity,enstrophy,bkm_cumulative
0,0.000000,0.8743314636,0.0283413315,0.0000000000
51,0.051000,0.8746828095,0.0283412033,0.0445996927
102,0.102000,0.8750331220,0.0283410852,0.0892172782
153,0.153000,0.8753823970,0.0283409771,0.1338527037
204,0.204000,0.8757306298,0.0283408792,0.1785059162
255,0.255000,0.8760778160,0.0283407913,0.2231768624
306,0.306000,0.8764239511,0.0283407136,0.2678654889
357,0.357000,0.8767690305,0.0283406459,0.3125717419
408,0.408000,0.8771130496,0.0283405883,0.3572955674
459,0.459000,0.8774560037,0.0283405408,0.4020369113
510,0.510000,0.8777978882,0.0283405034,0.4467957192
561,0.561000,0.8781386984,0.0283404761,0.4915719363
612,0.612000,0.8784784293,0.0283404588,0.5363655078
663,0.663000,0.8788170763,0.0283404517,0.5811763785
714,0.714000,0.8791546344,0.0283404546,0.6260044930
765,0.765000,0.8794910988,0.0283404676,0.6708497956
816,0.816000,0.8798264645,0.0283404907,0.7157122304
867,0.867000,0.8801607265,0.0283405239,0.7605917414
918,0.918000,0.8804938798,0.0283405671,0.8054882720
969,0.969000,0.8808259193,0.0283406205,0.8504017656
1020,1.020000,0.8811568400,0.0283406839,0.8953321653
1071,1.071000,0.8814866366,0.0283407574,0.9402794138
1122,1.122000,0.8818153040,0.0283408410,0.9852434538
1173,1.173000,0.8821428370,0.0283409346,1.0302242274
1224,1.224000,0.8824692303,0.0283410383,1.0752216768
1275,1.275000,0.8827944786,0.0283411521,1.1202357436
1326,1.326000,0.8831185765,0.0283412760,1.1652663694
1377,1.377000,0.8834415187,0.0283414099,1.2103134953
1428,1.428000,0.8837632997,0.0283415539,1.2553770622
1479,1.479000,0.8840839141,0.0283417080,1.3004570108
1530,1.530000,0.8844033563,0.0283418721,1.3455532814
1581,1.581000,0.8847216209,0.0283420463,1.3906658143
1632,1.632000,0.8850387023,0.0283422306,1.4357945490
1683,1.683000,0.8853545948,0.0283424250,1.4809394252
1734,1.734000,0.8856692928,0.0283426294,1.5261003821
1785,1.785000,0.8859827906,0.0283428438,1.5712773585
1836,1.836000,0.8862950825,0.0283430684,1.6164702933
1887,1.887000,0.8866061627,0.0283433030,1.6616791247
1938,1.938000,0.8869160254,0.0283435476,1.7069037907
1989,1.989000,0.8872246648,0.0283438023,1.7521442292
2040,2.040000,0.8875320750,0.0283440671,1.7974003776
2091,2.091000,0.8878382500,0.0283443419,1.8426721731
2142,2.142000,0.8881431841,0.0283446268,1.8879595525
2193,2.193000,0.8884468710,0.0283449218,1.9332624523
2244,2.244000,0.8887493050,0.0283452267,1.9785808089
2295,2.295000,0.8890504798,0.0283455418,2.0239145582
2346,2.346000,0.8893503894,0.0283458669,2.0692636358
2397,2.397000,0.8896490277,0.0283462020,2.1146279770
2448,2.448000,0.8899463885,0.0283465472,2.1600075169
2499,2.499000,0.8902424656,0.0283469024,2.2054021901
2550,2.550000,0.8905372528,0.0283472677,2.2508119310
2601,2.601000,0.8908307439,0.0283476430,2.2962366737
2652,2.652000,0.8911229325,0.0283480284,2.3416763519
2703,2.703000,0.8914138123,0.0283484238,2.3871308991
2754,2.754000,0.8917033770,0.0283488293,2.4326002482
2805,2.805000,0.8919916201,0.0283492448,2.4780843321
2856,2.856000,0.8922785353,0.0283496703,2.5235830833
2907,2.907000,0.8925641160,0.0283501058,2.5690964338
2958,2.958000,0.8928483558,0.0283505514,2.6146243154
3009,3.009000,0.8931312481,0.0283510071,2.6601666596
3060,3.060000,0.8934127865,0.0283514727,2.7057233975
3111,3.111000,0.8936929642,0.0283519484,2.7512944598
3162,3.162000,0.8939717747,0.0283524342,2.7968797771
3213,3.213000,0.8942492113,0.0283529299,2.8424792794
3264,3.264000,0.8945252674,0.0283534357,2.8880928964
3315,3.315000,0.8947999362,0.0283539515,2.9337205577
3366,3.366000,0.8950732109,0.0283544773,2.9793621922
3417,3.417000,0.8953450849,0.0283550132,3.0250177288
3468,3.468000,0.8956155513,0.0283555590,3.0706870958
3519,3.519000,0.8958846032,0.0283561149,3.1163702212
3570,3.570000,0.8961522338,0.0283566809,3.1620670328
3621,3.621000,0.8964184362,0.0283572568,3.2077774579
3672,3.672000,0.8966832035,0.0283578427,3.2535014234
3723,3.723000,0.8969465288,0.0283584387,3.2992388561
3774,3.774000,0.8972084049,0.0283590446,3.3449896821
3825,3.825000,0.8974688250,0.0283596606,3.3907538275
3876,3.876000,0.8977277820,0.0283602866,3.4365312177
3927,3.927000,0.8979852688,0.0283609226,3.4823217780
3978,3.978000,0.8982412784,0.0283615686,3.5281254333
4029,4.029000,0.8984958036,0.0283622246,3.5739421079
4080,4.080000,0.8987488372,0.0283628906,3.6197717261
4131,4.131000,0.8990003721,0.0283635667,3.6656142115
4182,4.182000,0.8992504011,0.0283642527,3.7114694876
4233,4.233000,0.8994989170,0.0283649487,3.7573374774
4284,4.284000,0.8997459124,0.0283656547,3.8032181036
4335,4.335000,0.8999913802,0.0283663707,3.8491112883
4386,4.386000,0.9002353131,0.0283670967,3.8950169536
4437,4.437000,0.9004777036,0.0283678327,3.9409350209
4488,4.488000,0.9007185444,0.0283685787,3.9868654114
4539,4.539000,0.9009578282,0.0283693346,4.0328080458
4590,4.590000,0.9011955475,0.0283701006,4.0787628447
4641,4.641000,0.9014316950,0.0283708766,4.1247297280
4692,4.692000,0.9016662631,0.0283716625,4.1707086154
4743,4.743000,0.9018992444,0.0283724584,4.2166994261
4794,4.794000,0.9021306314,0.0283732643,4.2627020790
4845,4.845000,0.9023604166,0.0283740802,4.3087164927
4896,4.896000,0.9025885924,0.0283749060,4.3547425852
4947,4.947000,0.9028151512,0.0283757418,4.4007802743
4998,4.998000,0.9030400855,0.0283765876,4.4468294772
5000,5.000000,0.9030488732,0.0283766210,4.4486355618
