k_index,K,mean_lyapunov,std_lyapunov,min_lyapunov,max_lyapunov,fraction_positive
0,0.0000000000,0.0000000000,0.0000000000,0.0000000000,0.0000000000,0.000000
1,0.0097847358,0.0002248078,0.0000591153,-0.0002737435,0.0004954561,0.996338
2,0.0195694716,0.0002595101,0.0000580666,-0.0001013707,0.0006062755,0.996338
3,0.0293542074,0.0002772904,0.0000585564,-0.0001976112,0.0005799430,0.997314
4,0.0391389432,0.0002914385,0.0000585510,-0.0000881853,0.0006052092,0.998779
5,0.0489236791,0.0002993009,0.0000611459,-0.0002778757,0.0006293848,0.998291
6,0.0587084149,0.0003085253,0.0000610549,-0.0001494368,0.0006440458,0.997314
7,0.0684931507,0.0003166327,0.0000605201,-0.0001023783,0.0005910878,0.998535
8,0.0782778865,0.0003206949,0.0000609001,-0.0001531789,0.0006630877,0.999268
9,0.0880626223,0.0003264927,0.0000610726,-0.0000853604,0.0006217574,0.999023
10,0.0978473581,0.0003326479,0.0000590775,-0.0000626756,0.0005738593,0.998535
11,0.1076320939,0.0003353380,0.0000620790,-0.0001832901,0.0006133119,0.998047
12,0.1174168297,0.0003400029,0.0000625092,-0.0000572521,0.0006749205,0.998535
13,0.1272015656,0.0003425022,0.0000622515,-0.0000780375,0.0007139093,0.999512
14,0.1369863014,0.0003444591,0.0000633939,-0.0001248438,0.0006330689,0.999512
15,0.1467710372,0.0003472019,0.0000653697,-0.0001547673,0.0006816145,0.997803
16,0.1565557730,0.0003510475,0.0000653717,-0.0000537896,0.0006374729,0.998779
17,0.1663405088,0.0003553467,0.0000627626,-0.0000917313,0.0006225680,0.999268
18,0.1761252446,0.0003579218,0.0000618316,-0.0001007064,0.0007148927,0.999756
19,0.1859099804,0.0003586744,0.0000655574,-0.0001260133,0.0006173867,0.999268
20,0.1956947162,0.0003603728,0.0000654063,-0.0001289827,0.0006201722,0.998779
21,0.2054794521,0.0003626873,0.0000658195,-0.0000653027,0.0006408347,0.999268
22,0.2152641879,0.0003707651,0.0004625832,-0.0001235634,0.0296595500,0.998779
23,0.2250489237,0.0003700634,0.0002672544,-0.0000764350,0.0169446033,0.999023
24,0.2348336595,0.0003669599,0.0000682839,-0.0000875860,0.0006340536,0.998535
25,0.2446183953,0.0003782616,0.0006719538,-0.0000894719,0.0431537481,0.999023
26,0.2544031311,0.0003858987,0.0006509701,-0.0000995077,0.0343097312,0.999023
27,0.2641878669,0.0003717049,0.0000679474,-0.0000509262,0.0008898966,0.999756
28,0.2739726027,0.0003916916,0.0008236984,-0.0000680124,0.0464603603,0.999512
29,0.2837573386,0.0003848745,0.0005432143,-0.0001371804,0.0336619783,0.999268
30,0.2935420744,0.0003761619,0.0000786338,-0.0000309550,0.0028375796,0.999756
31,0.3033268102,0.0004172707,0.0012777146,-0.0001046486,0.0539055343,0.999512
32,0.3131115460,0.0004068761,0.0010590637,-0.0000290382,0.0520615768,0.999512
33,0.3228962818,0.0004088700,0.0011709871,-0.0000978758,0.0526558268,0.999023
34,0.3326810176,0.0003962883,0.0008357116,-0.0000556442,0.0519742021,0.998535
35,0.3424657534,0.0005010812,0.0026156627,-0.0000458014,0.0736626884,0.999512
36,0.3522504892,0.0004419424,0.0017499707,-0.0001007100,0.0637100210,0.999268
37,0.3620352250,0.0004328245,0.0016334670,-0.0000418044,0.0712324694,0.999023
38,0.3718199609,0.0004172931,0.0011169591,-0.0000230059,0.0447839494,0.999512
39,0.3816046967,0.0005124767,0.0027080573,0.0000121440,0.0748249554,1.000000
40,0.3913894325,0.0005821164,0.0034887628,-0.0001309884,0.0808672499,0.998291
41,0.4011741683,0.0005454795,0.0031557470,-0.0000820871,0.0793670847,0.999023
42,0.4109589041,0.0008061526,0.0050325688,-0.0003988111,0.0744429078,0.999023
43,0.4207436399,0.0005907433,0.0034194428,-0.0001488217,0.0892444330,0.998779
44,0.4305283757,0.0006654447,0.0040261119,-0.0000855771,0.0793188731,0.999512
45,0.4403131115,0.0007144075,0.0045818733,-0.0000556632,0.0809348836,0.999268
46,0.4500978474,0.0008187703,0.0052742608,-0.0001597038,0.0918837750,0.998535
47,0.4598825832,0.0007849949,0.0052500497,-0.0001282638,0.0879938210,0.999268
48,0.4696673190,0.0010190801,0.0065933585,-0.0000422772,0.0968005632,0.999512
49,0.4794520548,0.0011995532,0.0073321316,-0.0001769669,0.0922302706,0.998047
50,0.4892367906,0.0010383919,0.0066367631,-0.0001328374,0.0985767115,0.999023
51,0.4990215264,0.0015687458,0.0091345812,-0.0001297576,0.0984447003,0.998779
52,0.5088062622,0.0014110151,0.0086575335,-0.0000474285,0.1097281247,0.999268
53,0.5185909980,0.0015726408,0.0095584399,-0.0000532414,0.1131134738,0.999512
54,0.5283757339,0.0017491674,0.0100835369,-0.0000637311,0.1054927387,0.999023
55,0.5381604697,0.0017763627,0.0103953901,-0.0001326156,0.1091952433,0.998291
56,0.5479452055,0.0017034583,0.0100207366,-0.0000548597,0.1055269074,0.999268
57,0.5577299413,0.0021939866,0.0120249937,-0.0001284825,0.1184177050,0.999512
58,0.5675146771,0.0023678853,0.0127613333,-0.0002453567,0.1199596390,0.999268
59,0.5772994129,0.0029698433,0.0143950858,-0.0000557219,0.1262839290,0.999268
60,0.5870841487,0.0024802984,0.0132049707,-0.0000660284,0.1226914629,0.998535
61,0.5968688845,0.0031797695,0.0151369009,-0.0000321387,0.1164034889,0.999268
62,0.6066536204,0.0037071041,0.0167541428,-0.0000685999,0.1241748553,0.998779
63,0.6164383562,0.0033544102,0.0160887153,-0.0000401414,0.1263614062,0.999023
64,0.6262230920,0.0038544267,0.0173836256,-0.0000230936,0.1297542171,0.999512
65,0.6360078278,0.0042953415,0.0188468556,-0.0001121047,0.1286491846,0.997803
66,0.6457925636,0.0046707818,0.0197752917,-0.0000707730,0.1342338427,0.997559
67,0.6555772994,0.0048479478,0.0199154132,-0.0000719972,0.1309543838,0.999023
68,0.6653620352,0.0050637072,0.0203931176,-0.0000629833,0.1326667138,0.998291
69,0.6751467710,0.0065904027,0.0237764541,-0.0000343180,0.1399795865,0.998779
70,0.6849315068,0.0055783174,0.0217237666,-0.0001410266,0.1423467245,0.998779
71,0.6947162427,0.0065197758,0.0238667577,-0.0002117887,0.1379221393,0.999023
72,0.7045009785,0.0074166402,0.0253984084,-0.0001204899,0.1442917281,0.996826
73,0.7142857143,0.0083854877,0.0274833255,-0.0000992960,0.1454151597,0.999512
74,0.7240704501,0.0085425029,0.0279630809,-0.0002085851,0.1547038824,0.997559
75,0.7338551859,0.0084251805,0.0277174056,-0.0002424405,0.1467969751,0.998291
76,0.7436399217,0.0098575297,0.0302066686,-0.0000866222,0.1499664635,0.999268
77,0.7534246575,0.0106520101,0.0314329209,-0.0001110814,0.1590097245,0.998535
78,0.7632093933,0.0114101299,0.0324831311,-0.0001174075,0.1549229406,0.999268
79,0.7729941292,0.0122490233,0.0338817015,-0.0001442205,0.1595133044,0.998535
80,0.7827788650,0.0130929157,0.0349483048,-0.0001391669,0.1631996178,0.998291
81,0.7925636008,0.0136264431,0.0356398050,-0.0001304295,0.1630783224,0.998047
82,0.8023483366,0.0141999903,0.0364083123,-0.0001784706,0.1655119204,0.998535
83,0.8121330724,0.0141553143,0.0365494134,-0.0001629244,0.1582276594,0.998779
84,0.8219178082,0.0162673343,0.0385245190,-0.0001278014,0.1680111777,0.998535
85,0.8317025440,0.0184731430,0.0417055229,-0.0001409554,0.1650005301,0.998047
86,0.8414872798,0.0187554917,0.0414933159,-0.0000620834,0.1794272621,0.998779
87,0.8512720157,0.0200187779,0.0426631793,-0.0001001264,0.1699746319,0.998291
88,0.8610567515,0.0223694610,0.0458966313,-0.0001377229,0.1694915272,0.998047
89,0.8708414873,0.0238359468,0.0473845213,-0.0000948503,0.1753012296,0.997803
90,0.8806262231,0.0245116534,0.0470114008,-0.0000835541,0.1829993676,0.998779
91,0.8904109589,0.0255701473,0.0475056597,-0.0000927553,0.1766374671,0.999512
92,0.9001956947,0.0271668696,0.0493312021,-0.0001142225,0.1831592130,0.998291
93,0.9099804305,0.0295963821,0.0508328352,-0.0000906789,0.1801279715,0.998291
94,0.9197651663,0.0311529388,0.0511260728,-0.0002730989,0.1887802504,0.998047
95,0.9295499022,0.0338102586,0.0528137201,-0.0001060517,0.1856859328,0.997803
96,0.9393346380,0.0363235691,0.0541322604,-0.0000822525,0.1883816618,0.998535
97,0.9491193738,0.0372491970,0.0547419971,-0.0000391070,0.1861482536,0.998779
98,0.9589041096,0.0402058009,0.0564025200,-0.0000404919,0.1897125847,0.999512
99,0.9686888454,0.0434667063,0.0586102025,-0.0000310851,0.1940415529,0.998047
100,0.9784735812,0.0458512374,0.0593142038,-0.0001323148,0.1894070697,0.997559
101,0.9882583170,0.0480849660,0.0609030315,-0.0000629974,0.1866496403,0.999268
102,0.9980430528,0.0494516557,0.0618162941,-0.0000872599,0.1996034398,0.999268
103,1.0078277886,0.0542843141,0.0636823491,-0.0000679420,0.2077067615,0.999023
104,1.0176125245,0.0552380449,0.0640660610,-0.0000827252,0.1983694085,0.998291
105,1.0273972603,0.0587605327,0.0664655020,-0.0000637357,0.2027859159,0.998779
106,1.0371819961,0.0595016594,0.0668591521,-0.0000985931,0.2030542235,0.998535
107,1.0469667319,0.0647064963,0.0679706411,-0.0000957965,0.2076370949,0.999268
108,1.0567514677,0.0691729103,0.0696430255,-0.0000850769,0.2085997425,0.999023
109,1.0665362035,0.0698025072,0.0697406233,-0.0000856643,0.2080320707,0.998779
110,1.0763209393,0.0724794001,0.0711133335,-0.0000511929,0.2244426528,0.998779
111,1.0861056751,0.0762735622,0.0721756921,-0.0000824380,0.2140126693,0.999268
112,1.0958904110,0.0771146878,0.0741384657,-0.0000459991,0.2153874027,0.998291
113,1.1056751468,0.0816848994,0.0756636818,-0.0001840510,0.2179955325,0.999756
114,1.1154598826,0.0851395224,0.0774355804,0.0000022206,0.2216515326,1.000000
115,1.1252446184,0.0874280109,0.0786357336,-0.0000756458,0.2196802491,0.998779
116,1.1350293542,0.0886495788,0.0813407719,-0.0000278342,0.2243464627,0.999268
117,1.1448140900,0.0936380106,0.0817262947,-0.0000608642,0.2174243581,0.999023
118,1.1545988258,0.0981648798,0.0835929920,-0.0001319797,0.2274431727,0.999756
119,1.1643835616,0.0985322275,0.0846281737,-0.0000350190,0.2193786574,0.999023
120,1.1741682975,0.1008518265,0.0863275231,-0.0000931086,0.2294947503,0.999268
121,1.1839530333,0.1042176755,0.0885220846,-0.0001440738,0.2432869045,0.998779
122,1.1937377691,0.1071287982,0.0906379878,-0.0000440123,0.2315014353,0.999268
123,1.2035225049,0.1093244326,0.0927809914,-0.0000920684,0.2363170998,0.999512
124,1.2133072407,0.1108414382,0.0952157715,-0.0000593296,0.2362817372,0.999268
125,1.2230919765,0.1175039424,0.0962487675,0.0000177700,0.2430184139,1.000000
126,1.2328767123,0.1177420502,0.0985863208,-0.0000716062,0.2495537180,0.999268
127,1.2426614481,0.1214218007,0.1002123981,-0.0000665850,0.2477720850,0.999756
128,1.2524461840,0.1255722382,0.1006736704,-0.0000836700,0.2610227701,0.999268
129,1.2622309198,0.1286162505,0.1013684328,-0.0001804298,0.2573471089,0.998779
130,1.2720156556,0.1311216095,0.1036348958,-0.0000732541,0.2525598624,0.999268
131,1.2818003914,0.1335610971,0.1058995713,-0.0000125365,0.2636148258,0.999023
132,1.2915851272,0.1368728774,0.1081033457,-0.0000428893,0.2612068620,0.999512
133,1.3013698630,0.1407184739,0.1097478604,-0.0001446786,0.2697289443,0.999756
134,1.3111545988,0.1439209551,0.1109266244,-0.0000632026,0.2722909853,0.999756
135,1.3209393346,0.1436150699,0.1129547017,-0.0000270637,0.2740723954,0.999756
136,1.3307240705,0.1485865067,0.1147750354,-0.0000927809,0.2752372334,0.999512
137,1.3405088063,0.1527855140,0.1165326422,-0.0000879578,0.2770482025,0.999512
138,1.3502935421,0.1531245362,0.1191782031,-0.0001332455,0.2783865556,0.999268
139,1.3600782779,0.1579806362,0.1205168112,0.0000167405,0.2842058759,1.000000
140,1.3698630137,0.1581227225,0.1221305599,-0.0000849720,0.2881948839,0.999023
141,1.3796477495,0.1633913184,0.1240623994,-0.0000082661,0.2922594874,0.999756
142,1.3894324853,0.1638011797,0.1252837760,-0.0000606374,0.2930298553,0.999023
143,1.3992172211,0.1669307732,0.1265608675,-0.0000230291,0.2985676243,0.999512
144,1.4090019569,0.1711450837,0.1272890739,0.0000478693,0.3008979033,1.000000
145,1.4187866928,0.1741644471,0.1289705652,-0.0000441777,0.3020739555,0.999268
146,1.4285714286,0.1750138934,0.1309065097,-0.0000337313,0.3118613423,0.999512
147,1.4383561644,0.1768191033,0.1323974056,-0.0000055576,0.3133899049,0.999756
148,1.4481409002,0.1810325611,0.1323772051,-0.0001331165,0.3134604441,0.998291
149,1.4579256360,0.1824074563,0.1335013200,0.0000423776,0.3214305139,1.000000
150,1.4677103718,0.1896055912,0.1335346308,0.0000031422,0.3231066590,1.000000
151,1.4774951076,0.1892358850,0.1350815154,-0.0000724535,0.3252982944,0.999268
152,1.4872798434,0.1893401152,0.1365497156,-0.0000165198,0.3326905455,0.999268
153,1.4970645793,0.1962953925,0.1342887952,-0.0000654798,0.3323587822,0.999756
154,1.5068493151,0.1980493071,0.1344874214,-0.0000794857,0.3368170692,0.999512
155,1.5166340509,0.2000998697,0.1337603669,-0.0000839945,0.3381821669,0.999268
156,1.5264187867,0.2054871120,0.1318092403,-0.0001427040,0.3431249539,0.998535
157,1.5362035225,0.2081384159,0.1321204153,-0.0000615161,0.3483647357,0.999268
158,1.5459882583,0.2071155686,0.1343009047,-0.0000349916,0.3489968852,0.999023
159,1.5557729941,0.2155915581,0.1329928021,-0.0000506397,0.3542796659,0.999756
160,1.5655577299,0.2203510721,0.1329482318,-0.0000061141,0.3573553640,0.999756
161,1.5753424658,0.2240074842,0.1354520637,-0.0000894740,0.3563458361,0.998779
162,1.5851272016,0.2236703193,0.1380820179,-0.0001511891,0.3617136404,0.999512
163,1.5949119374,0.2298625908,0.1386978662,-0.0000598173,0.3698090383,0.999512
164,1.6046966732,0.2322672235,0.1415799131,-0.0000251101,0.3672382476,0.999268
165,1.6144814090,0.2389739546,0.1414739454,-0.0000544209,0.3666316610,0.999512
166,1.6242661448,0.2390832114,0.1444104864,-0.0000255828,0.3754997402,0.999756
167,1.6340508806,0.2429982713,0.1470131965,0.0000139638,0.3784955831,1.000000
168,1.6438356164,0.2417781981,0.1504662217,-0.0001598857,0.3822947575,0.999512
169,1.6536203523,0.2466194934,0.1504039504,0.0000239195,0.3811085925,1.000000
170,1.6634050881,0.2517443335,0.1510431191,-0.0000441837,0.3821295723,0.999756
171,1.6731898239,0.2549087861,0.1536343734,-0.0000139991,0.3891849623,0.999268
172,1.6829745597,0.2552052385,0.1571304181,-0.0000246048,0.3849748971,0.999512
173,1.6927592955,0.2582016561,0.1582807815,0.0000020711,0.3888719201,1.000000
174,1.7025440313,0.2625525929,0.1595198233,-0.0000448151,0.3937445035,0.999756
175,1.7123287671,0.2622905154,0.1614947651,0.0000001608,0.3943607702,1.000000
176,1.7221135029,0.2645783840,0.1635313811,-0.0000773884,0.4036012622,0.999512
177,1.7318982387,0.2720642363,0.1636096823,-0.0000373126,0.4060282427,0.999756
178,1.7416829746,0.2745345897,0.1660404892,-0.0000455291,0.4128628785,0.999268
179,1.7514677104,0.2705147333,0.1709910877,-0.0000469009,0.4112031654,0.999756
180,1.7612524462,0.2770440847,0.1707211257,-0.0001832356,0.4141365063,0.999756
181,1.7710371820,0.2814437931,0.1712557076,-0.0001121044,0.4256061922,0.999512
182,1.7808219178,0.2831386264,0.1730295382,0.0000019886,0.4241685297,1.000000
183,1.7906066536,0.2854399484,0.1722887509,-0.0000211511,0.4272578334,0.999756
184,1.8003913894,0.2878990438,0.1727000662,-0.0000533115,0.4309876061,0.999512
185,1.8101761252,0.2929915225,0.1729229705,-0.0000458298,0.4323106489,0.999756
186,1.8199608611,0.2960050697,0.1750586175,-0.0000461817,0.4338868300,0.999512
187,1.8297455969,0.2941657039,0.1794703660,-0.0001520732,0.4343276191,0.999756
188,1.8395303327,0.2972985977,0.1809377399,-0.0001504831,0.4403306103,0.999756
189,1.8493150685,0.2993956369,0.1825286855,0.0000178844,0.4412910016,1.000000
190,1.8590998043,0.3036536478,0.1823931456,-0.0000513749,0.4493060062,0.999756
191,1.8688845401,0.3013682192,0.1854333945,-0.0001029250,0.4479388227,0.999756
192,1.8786692759,0.3072397974,0.1835380852,-0.0000212043,0.4528626111,0.999756
193,1.8884540117,0.3034572711,0.1864067482,-0.0000336195,0.4590981590,0.999756
194,1.8982387476,0.3100388855,0.1836919001,-0.0000109586,0.4648475771,0.999756
195,1.9080234834,0.3120681241,0.1848117772,-0.0000021530,0.4594847305,0.999756
196,1.9178082192,0.3087271557,0.1901611580,0.0000150819,0.4688166553,1.000000
197,1.9275929550,0.3123196120,0.1906310542,0.0000204935,0.4668884067,1.000000
198,1.9373776908,0.3201390449,0.1894254374,0.0000399911,0.4685309446,1.000000
199,1.9471624266,0.3174136942,0.1927877709,0.0000460678,0.4723454961,1.000000
200,1.9569471624,0.3174242133,0.1951009508,0.0000296124,0.4744058683,1.000000
201,1.9667318982,0.3254231210,0.1935572168,-0.0000011985,0.4781194595,0.999756
202,1.9765166341,0.3240634161,0.1947536583,0.0000207426,0.4835166867,1.000000
203,1.9863013699,0.3338868428,0.1893246944,0.0000248997,0.4803941882,1.000000
204,1.9960861057,0.3317855964,0.1923813414,-0.0000173395,0.4816333145,0.999756
205,2.0058708415,0.3336903410,0.1911584548,-0.0000333942,0.4852164031,0.999756
206,2.0156555773,0.3376616708,0.1903854436,-0.0000206948,0.4892069839,0.999756
207,2.0254403131,0.3364565284,0.1931718217,-0.0000753582,0.4943022039,0.999756
208,2.0352250489,0.3394789223,0.1939602178,0.0000285993,0.4960411772,1.000000
209,2.0450097847,0.3423702370,0.1948754421,0.0000228443,0.5007604450,1.000000
210,2.0547945205,0.3453035874,0.1957894979,-0.0000086084,0.4994749328,0.999756
211,2.0645792564,0.3453365438,0.1975072465,0.0000440797,0.5011762163,1.000000
212,2.0743639922,0.3484085399,0.1975917086,-0.0000357086,0.5074936183,0.999268
213,2.0841487280,0.3516850937,0.1980403877,0.0000293917,0.5075651022,1.000000
214,2.0939334638,0.3541742028,0.1975489394,-0.0000503206,0.5081800986,0.999756
215,2.1037181996,0.3539173764,0.1987202856,-0.0000143430,0.5128017484,0.999512
216,2.1135029354,0.3646042736,0.1963954194,-0.0000591846,0.5125365313,0.999268
217,2.1232876712,0.3637223065,0.1982381983,0.0000320102,0.5220649763,1.000000
218,2.1330724070,0.3634028296,0.2000033107,-0.0000352011,0.5198010140,0.999756
219,2.1428571429,0.3743824911,0.1947295114,0.0000701570,0.5192718540,1.000000
220,2.1526418787,0.3715985100,0.1998335655,-0.0001822725,0.5268325780,0.999512
221,2.1624266145,0.3765673954,0.1997256897,-0.0001578572,0.5272482766,0.999756
222,2.1722113503,0.3773414792,0.2011620370,-0.0000104870,0.5296005223,0.999756
223,2.1819960861,0.3803343990,0.2009079028,-0.0000850126,0.5310127748,0.999512
224,2.1917808219,0.3800804047,0.2018738980,-0.0000441216,0.5420758734,0.999023
225,2.2015655577,0.3821949836,0.2015300839,-0.0000286424,0.5365090696,0.999756
226,2.2113502935,0.3949792462,0.1972476359,-0.0000973341,0.5439265433,0.999268
227,2.2211350294,0.3942413795,0.2003551751,-0.0000171808,0.5409639772,0.999756
228,2.2309197652,0.3896116003,0.2055676270,-0.0000282773,0.5469076188,0.999756
229,2.2407045010,0.3978820969,0.2020098741,-0.0000040617,0.5455619946,0.999756
230,2.2504892368,0.4008879593,0.2005446817,0.0000242736,0.5492262817,1.000000
231,2.2602739726,0.3969052929,0.2033443545,-0.0001156671,0.5470333771,0.999756
232,2.2700587084,0.4012748479,0.2030833692,0.0000235854,0.5543313640,1.000000
233,2.2798434442,0.4061539414,0.2020105903,-0.0000965377,0.5581770504,0.999512
234,2.2896281800,0.4079397721,0.2020112013,-0.0001664170,0.5632177722,0.999268
235,2.2994129159,0.4126542597,0.1978602585,-0.0001851666,0.5633243398,0.999756
236,2.3091976517,0.4163597903,0.1959511018,0.0000191292,0.5630277985,1.000000
237,2.3189823875,0.4139603166,0.1979789400,-0.0000636093,0.5675849607,0.999756
238,2.3287671233,0.4184512418,0.1942395473,0.0000322683,0.5729225089,1.000000
239,2.3385518591,0.4295981933,0.1814478392,-0.0000239376,0.5695959325,0.999756
240,2.3483365949,0.4268686751,0.1838850066,-0.0001342839,0.5715166886,0.999268
241,2.3581213307,0.4336033530,0.1754190315,-0.0001027979,0.5718656534,0.999512
242,2.3679060665,0.4343076062,0.1763420193,-0.0000344868,0.5756013312,0.999756
243,2.3776908023,0.4351725643,0.1730334181,-0.0000044645,0.5751664826,0.999756
244,2.3874755382,0.4350589136,0.1773495603,-0.0000463826,0.5733266510,0.999756
245,2.3972602740,0.4455887336,0.1696936752,0.0000214468,0.5810027171,1.000000
246,2.4070450098,0.4463114057,0.1730254070,-0.0000393608,0.5975524947,0.999756
247,2.4168297456,0.4483283604,0.1752202704,0.0000405612,0.5917805660,1.000000
248,2.4266144814,0.4478139457,0.1780015827,-0.0000196462,0.5991522372,0.999512
249,2.4363992172,0.4563310029,0.1737389137,0.0000287686,0.6008119937,1.000000
250,2.4461839530,0.4597216260,0.1713092351,0.0000720406,0.6067304401,1.000000
251,2.4559686888,0.4624382196,0.1712246197,0.0000255706,0.6052760865,1.000000
252,2.4657534247,0.4638866482,0.1754049426,0.0000017173,0.6038774974,1.000000
253,2.4755381605,0.4687563661,0.1708798430,-0.0000570569,0.6035975932,0.999756
254,2.4853228963,0.4700242644,0.1739583317,-0.0001087413,0.6066241329,0.999512
255,2.4951076321,0.4782911801,0.1677920742,-0.0000513618,0.6025543853,0.999756
256,2.5048923679,0.4777341596,0.1724161874,-0.0000245917,0.6085330731,0.999756
257,2.5146771037,0.4817376614,0.1718153678,-0.0000635062,0.6033958632,0.999512
258,2.5244618395,0.4825649707,0.1718683841,-0.0000706200,0.6055988817,0.999756
259,2.5342465753,0.4861358158,0.1710512703,-0.0000255251,0.6113838746,0.999512
260,2.5440313112,0.4835091511,0.1801650040,-0.0000632076,0.6154639968,0.999756
261,2.5538160470,0.4884127852,0.1787116196,-0.0000042345,0.6179084453,0.999756
262,2.5636007828,0.4962510581,0.1729067224,-0.0000630230,0.6133835818,0.999756
263,2.5733855186,0.4940487898,0.1794024628,-0.0000401345,0.6126460155,0.999756
264,2.5831702544,0.4966866302,0.1777475605,-0.0000378763,0.6132930380,0.999756
265,2.5929549902,0.4944021492,0.1824412590,-0.0000603407,0.6189198297,0.999756
266,2.6027397260,0.5055456820,0.1744939661,-0.0000601584,0.6158276562,0.999756
267,2.6125244618,0.5060205717,0.1793082678,-0.0000286905,0.6224751798,0.999756
268,2.6223091977,0.5068335886,0.1836615427,0.0000825871,0.6230710502,1.000000
269,2.6320939335,0.5079142223,0.1864404582,0.0000208053,0.6240544576,1.000000
270,2.6418786693,0.5167463531,0.1790596670,-0.0000183072,0.6239040901,0.999023
271,2.6516634051,0.5149029825,0.1859565298,-0.0001394341,0.6320941115,0.999756
272,2.6614481409,0.5165433017,0.1863062335,0.0000189189,0.6333477650,1.000000
273,2.6712328767,0.5184957748,0.1836078304,0.0000018587,0.6342509433,1.000000
274,2.6810176125,0.5196022383,0.1850966735,-0.0000816578,0.6299699682,0.999512
275,2.6908023483,0.5225864372,0.1849795489,-0.0000088618,0.6352791862,0.999756
276,2.7005870841,0.5214292273,0.1925036843,0.0000019027,0.6415022987,1.000000
277,2.7103718200,0.5310031654,0.1867823875,0.0000247618,0.6377226702,1.000000
278,2.7201565558,0.5299037524,0.1939681276,0.0000214671,0.6428162076,1.000000
279,2.7299412916,0.5338765466,0.1926850943,0.0000072558,0.6445238833,1.000000
280,2.7397260274,0.5345989668,0.1950965594,-0.0000549823,0.6451487532,0.999512
281,2.7495107632,0.5354521738,0.1980008435,0.0000291883,0.6493986129,1.000000
282,2.7592954990,0.5295105552,0.2078300724,0.0000277966,0.6472305764,1.000000
283,2.7690802348,0.5419776701,0.1964131339,-0.0000120310,0.6533658790,0.999756
284,2.7788649706,0.5339319147,0.2074548581,0.0000532632,0.6555664817,1.000000
285,2.7886497065,0.5462505702,0.1899062607,0.0000036574,0.6654360875,1.000000
286,2.7984344423,0.5489725837,0.1894969374,-0.0000338202,0.6632419043,0.999512
287,2.8082191781,0.5449830137,0.1997784579,0.0000565491,0.6647246181,1.000000
288,2.8180039139,0.5565653018,0.1900887906,0.0000822305,0.6616704952,1.000000
289,2.8277886497,0.5581087693,0.1938418048,0.0000197813,0.6667567226,1.000000
290,2.8375733855,0.5525883761,0.2061681207,0.0000705246,0.6691057790,1.000000
291,2.8473581213,0.5555918542,0.2070753933,-0.0000140821,0.6678626944,0.999756
292,2.8571428571,0.5614781012,0.2045782267,-0.0001971574,0.6673527069,0.999756
293,2.8669275930,0.5644345187,0.2049261546,0.0000014098,0.6691594337,1.000000
294,2.8767123288,0.5576311107,0.2161725265,-0.0000356366,0.6707912684,0.999756
295,2.8864970646,0.5689263370,0.2062607181,-0.0000178600,0.6739657266,0.999756
296,2.8962818004,0.5686955237,0.2088195823,-0.0000159752,0.6807040206,0.999756
297,2.9060665362,0.5683566285,0.2132405234,-0.0000178268,0.6833046433,0.999756
298,2.9158512720,0.5730161723,0.2104924245,0.0000652422,0.6813434929,1.000000
299,2.9256360078,0.5753469844,0.2109337331,0.0000081822,0.6845871619,1.000000
300,2.9354207436,0.5757702815,0.2128278835,-0.0000885926,0.6850268868,0.999756
301,2.9452054795,0.5750481225,0.2143605469,0.0000683246,0.6863706586,1.000000
302,2.9549902153,0.5815529086,0.2069564599,-0.0001442541,0.6890119521,0.999756
303,2.9647749511,0.5839020731,0.2078719913,0.0001137433,0.6950921363,1.000000
304,2.9745596869,0.5812594594,0.2153541397,0.0000773622,0.6942889389,1.000000
305,2.9843444227,0.5813631835,0.2192016991,-0.0000539897,0.6997175091,0.999756
306,2.9941291585,0.5895965838,0.2116645597,0.0000248559,0.6971646116,1.000000
307,3.0039138943,0.5888070439,0.2177520207,0.0000519269,0.7020941290,1.000000
308,3.0136986301,0.5919624256,0.2169773676,0.0000179368,0.7038728992,1.000000
309,3.0234833659,0.5936850443,0.2186150859,-0.0001142696,0.7031508611,0.999756
310,3.0332681018,0.5925600074,0.2232203085,0.0001103327,0.7077660287,1.000000
311,3.0430528376,0.5932066844,0.2270720283,0.0000832060,0.7096497102,1.000000
312,3.0528375734,0.6002548154,0.2232619281,0.0000621562,0.7126905351,1.000000
313,3.0626223092,0.5906708925,0.2372459142,0.0000545389,0.7144350350,1.000000
314,3.0724070450,0.6041057614,0.2262089677,-0.0000659736,0.7221976641,0.999756
315,3.0821917808,0.6010644315,0.2318361716,0.0000327521,0.7217512540,1.000000
316,3.0919765166,0.6039828902,0.2305833119,0.0000864720,0.7239490280,1.000000
317,3.1017612524,0.6079871020,0.2280879302,-0.0000359546,0.7241603121,0.999756
318,3.1115459883,0.6111595265,0.2283080307,0.0000471948,0.7284371399,1.000000
319,3.1213307241,0.6105542652,0.2294854148,0.0000877852,0.7295847730,1.000000
320,3.1311154599,0.6127329072,0.2302959967,-0.0000142259,0.7302331238,0.999756
321,3.1409001957,0.6090106777,0.2366322308,0.0000736666,0.7314016695,1.000000
322,3.1506849315,0.6151779306,0.2323980845,0.0000165131,0.7367883717,1.000000
323,3.1604696673,0.6153600745,0.2337301432,0.0000580372,0.7358795530,1.000000
324,3.1702544031,0.6148589958,0.2371707774,0.0000599725,0.7387395519,1.000000
325,3.1800391389,0.6136278035,0.2412824440,0.0000252931,0.7422721241,1.000000
326,3.1898238748,0.6262244791,0.2297252911,-0.0001226222,0.7431880336,0.999756
327,3.1996086106,0.6247129974,0.2344801591,-0.0000124662,0.7419317405,0.999756
328,3.2093933464,0.6270862199,0.2333785994,0.0000552368,0.7472456499,1.000000
329,3.2191780822,0.6277821407,0.2355598887,-0.0000751312,0.7482260351,0.999512
330,3.2289628180,0.6244078696,0.2417045575,-0.0000015396,0.7476717953,0.999756
331,3.2387475538,0.6270152387,0.2419273106,0.0000445290,0.7485168412,1.000000
332,3.2485322896,0.6343833812,0.2352395424,0.0000054929,0.7504304764,1.000000
333,3.2583170254,0.6337079474,0.2371464184,0.0001030562,0.7528208050,1.000000
334,3.2681017613,0.6382732499,0.2334777373,-0.0000236352,0.7542711831,0.999756
335,3.2778864971,0.6373023875,0.2362397387,0.0000294386,0.7619957005,1.000000
336,3.2876712329,0.6428229686,0.2318353901,0.0000712344,0.7631687406,1.000000
337,3.2974559687,0.6384335472,0.2391038197,0.0000784065,0.7622880874,1.000000
338,3.3072407045,0.6454318356,0.2331384773,-0.0000211349,0.7652964211,0.999756
339,3.3170254403,0.6477755835,0.2333678342,0.0000464433,0.7662554661,1.000000
340,3.3268101761,0.6464245227,0.2383238523,0.0000314370,0.7719425076,1.000000
341,3.3365949119,0.6470251142,0.2405802107,0.0000008682,0.7799981826,1.000000
342,3.3463796477,0.6492333200,0.2391614596,0.0001009238,0.7792327950,1.000000
343,3.3561643836,0.6520538275,0.2402329527,0.0000477043,0.7782684682,1.000000
344,3.3659491194,0.6526717965,0.2413234073,-0.0000159937,0.7837786970,0.999756
345,3.3757338552,0.6503723716,0.2465600896,0.0000549504,0.7840635674,1.000000
346,3.3855185910,0.6538629785,0.2456237177,0.0000183472,0.7841702150,1.000000
347,3.3953033268,0.6595134189,0.2417186530,0.0000479530,0.7891195887,1.000000
348,3.4050880626,0.6589747681,0.2454113845,-0.0000174497,0.7874600101,0.999512
349,3.4148727984,0.6555071874,0.2503918459,0.0000709840,0.7869503541,1.000000
350,3.4246575342,0.6596529422,0.2482376183,-0.0000333383,0.7924393379,0.999756
351,3.4344422701,0.6718786454,0.2354797381,0.0000671239,0.7922000430,1.000000
352,3.4442270059,0.6684188040,0.2421651392,0.0000439135,0.7959602672,1.000000
353,3.4540117417,0.6629163888,0.2510402577,-0.0001391468,0.7990900011,0.999512
354,3.4637964775,0.6705073357,0.2426732424,0.0000261219,0.8042282174,1.000000
355,3.4735812133,0.6688143326,0.2477350294,0.0000255667,0.7970822059,1.000000
356,3.4833659491,0.6762938376,0.2408980577,0.0000261022,0.8101233736,1.000000
357,3.4931506849,0.6764235503,0.2414050540,0.0001195997,0.8018355415,1.000000
358,3.5029354207,0.6716782067,0.2489457853,0.0000460097,0.8074474458,1.000000
359,3.5127201566,0.6728512600,0.2500138588,0.0000041312,0.8079699642,1.000000
360,3.5225048924,0.6793499622,0.2430475156,0.0000755038,0.8089319124,1.000000
361,3.5322896282,0.6844632555,0.2395020863,0.0000729793,0.8132306899,1.000000
362,3.5420743640,0.6795104472,0.2459244511,-0.0000558731,0.8106822628,0.999512
363,3.5518590998,0.6782379977,0.2492255482,-0.0000381167,0.8135807095,0.999756
364,3.5616438356,0.6858543223,0.2387009959,-0.0000098714,0.8169160055,0.999756
365,3.5714285714,0.6869404436,0.2354860006,-0.0000570104,0.8180032193,0.999756
366,3.5812133072,0.6856374609,0.2385721940,0.0000451468,0.8207896414,1.000000
367,3.5909980431,0.6922443589,0.2291394678,0.0000332028,0.8238513795,1.000000
368,3.6007827789,0.6890465069,0.2349693094,0.0000049436,0.8230276423,1.000000
369,3.6105675147,0.6952592592,0.2280280700,-0.0001027896,0.8282015064,0.999756
370,3.6203522505,0.7010346942,0.2222369627,-0.0000218899,0.8273847497,0.999756
371,3.6301369863,0.6933178146,0.2346775261,0.0000631196,0.8264876802,1.000000
372,3.6399217221,0.7033743710,0.2230363112,0.0000923646,0.8240198573,1.000000
373,3.6497064579,0.7098753489,0.2164350798,0.0000464249,0.8279551527,1.000000
374,3.6594911937,0.7012741023,0.2322718697,0.0000195241,0.8324176728,1.000000
375,3.6692759295,0.7058213597,0.2282147945,0.0000407156,0.8330889685,1.000000
376,3.6790606654,0.7017206956,0.2356337000,0.0000701430,0.8317431400,1.000000
377,3.6888454012,0.7095024676,0.2279723021,0.0000438581,0.8352117377,1.000000
378,3.6986301370,0.7088074201,0.2317618898,0.0000448116,0.8411432365,1.000000
379,3.7084148728,0.7118387135,0.2319535167,0.0000450878,0.8426568249,1.000000
380,3.7181996086,0.7126219442,0.2334240554,0.0000094848,0.8430660208,1.000000
381,3.7279843444,0.7171797516,0.2277984837,-0.0000207199,0.8444202943,0.999512
382,3.7377690802,0.7097803839,0.2413118528,0.0001128202,0.8514726371,1.000000
383,3.7475538160,0.7180620367,0.2335843440,-0.0000417784,0.8460324040,0.999756
384,3.7573385519,0.7230990331,0.2295892833,-0.0000112150,0.8550641259,0.999756
385,3.7671232877,0.7241415496,0.2306046602,0.0000406782,0.8530977672,1.000000
386,3.7769080235,0.7311333610,0.2233465335,0.0000189751,0.8596669493,1.000000
387,3.7866927593,0.7220409508,0.2377758017,-0.0000943437,0.8518510435,0.999756
388,3.7964774951,0.7266094010,0.2319202185,-0.0000203167,0.8565837088,0.999756
389,3.8062622309,0.7312187770,0.2275527921,-0.0000973701,0.8526033879,0.999512
390,3.8160469667,0.7304654578,0.2337224153,0.0000785075,0.8575165719,1.000000
391,3.8258317025,0.7312154597,0.2360991407,-0.0000206280,0.8565398365,0.999756
392,3.8356164384,0.7261201986,0.2453817693,-0.0000213373,0.8574165092,0.999756
393,3.8454011742,0.7352723799,0.2343460775,0.0000827890,0.8730832992,1.000000
394,3.8551859100,0.7350069940,0.2383528153,0.0000459736,0.8661236771,1.000000
395,3.8649706458,0.7359367429,0.2385963878,-0.0001004530,0.8666347370,0.999756
396,3.8747553816,0.7376448366,0.2338046103,-0.0000255413,0.8571988337,0.999756
397,3.8845401174,0.7398275197,0.2336868606,0.0000552655,0.8610934815,1.000000
398,3.8943248532,0.7430313131,0.2332608596,0.0000335981,0.8615713064,1.000000
399,3.9041095890,0.7450277804,0.2335653927,-0.0000180310,0.8776742912,0.999512
400,3.9138943249,0.7427960826,0.2398285912,0.0000863623,0.8691315001,1.000000
401,3.9236790607,0.7495273052,0.2333307098,0.0000585438,0.8650054974,1.000000
402,3.9334637965,0.7426485602,0.2445962261,0.0000355316,0.8707017051,1.000000
403,3.9432485323,0.7417627601,0.2460665666,-0.0000699464,0.8729602927,0.999756
404,3.9530332681,0.7532333603,0.2331455466,0.0001575264,0.8689153599,1.000000
405,3.9628180039,0.7514384409,0.2371913802,-0.0000006790,0.8801089703,0.999756
406,3.9726027397,0.7595720567,0.2276641121,0.0001232393,0.8733270820,1.000000
407,3.9823874755,0.7618651587,0.2248404299,0.0000781264,0.8730468988,1.000000
408,3.9921722114,0.7587985756,0.2282983152,-0.0000546652,0.8734071077,0.999756
409,4.0019569472,0.7541347092,0.2386133265,0.0000670267,0.8765896030,1.000000
410,4.0117416830,0.7630149176,0.2282003650,0.0000815950,0.8767532137,1.000000
411,4.0215264188,0.7629996265,0.2272481005,0.0000741549,0.8814083579,1.000000
412,4.0313111546,0.7566397562,0.2406513834,0.0000785863,0.8783222906,1.000000
413,4.0410958904,0.7696608279,0.2236448989,-0.0000786025,0.8836687166,0.999756
414,4.0508806262,0.7648184131,0.2304543818,0.0000253268,0.8836367459,1.000000
415,4.0606653620,0.7607672541,0.2374097999,-0.0000050926,0.8828475439,0.999756
416,4.0704500978,0.7706678779,0.2234814594,0.0000763896,0.8872935578,1.000000
417,4.0802348337,0.7652656836,0.2320543949,0.0000237412,0.8847519255,1.000000
418,4.0900195695,0.7744300805,0.2215418025,-0.0000679978,0.8872938592,0.999512
419,4.0998043053,0.7753183665,0.2193081827,0.0000513687,0.8891844074,1.000000
420,4.1095890411,0.7769540760,0.2183542484,-0.0000231541,0.8886628844,0.999756
421,4.1193737769,0.7823695514,0.2132385358,0.0001410291,0.8924311280,1.000000
422,4.1291585127,0.7775491433,0.2239030661,-0.0000252652,0.8917504826,0.999756
423,4.1389432485,0.7785334914,0.2249291704,0.0000185352,0.8913500043,1.000000
424,4.1487279843,0.7845592434,0.2178808900,0.0001267495,0.8954616845,1.000000
425,4.1585127202,0.7847283293,0.2207330783,0.0001092180,0.8957672035,1.000000
426,4.1682974560,0.7869338112,0.2175823692,0.0000122487,0.8975704466,1.000000
427,4.1780821918,0.7876778714,0.2198652474,-0.0000633598,0.8978108447,0.999512
428,4.1878669276,0.7808579300,0.2326718598,0.0000555318,0.8988399215,1.000000
429,4.1976516634,0.7851939594,0.2277753209,0.0000881190,0.9026208542,1.000000
430,4.2074363992,0.7949749690,0.2158490870,0.0001035472,0.9038715466,1.000000
431,4.2172211350,0.7939589948,0.2185672736,0.0001390734,0.9025018120,1.000000
432,4.2270058708,0.7938759510,0.2202818353,0.0001002342,0.9058821200,1.000000
433,4.2367906067,0.7962380426,0.2153527057,0.0000511902,0.9103848279,1.000000
434,4.2465753425,0.7988855287,0.2142628883,-0.0000020917,0.9059712036,0.999756
435,4.2563600783,0.7948695351,0.2219018636,0.0000799627,0.9067788180,1.000000
436,4.2661448141,0.8037654900,0.2074725753,-0.0000070630,0.9125228018,0.999756
437,4.2759295499,0.8074854660,0.2030427810,0.0001111987,0.9093295259,1.000000
438,4.2857142857,0.8042874338,0.2098468785,0.0000395466,0.9135688865,1.000000
439,4.2954990215,0.8117750823,0.1961921430,0.0001375646,0.9134719034,1.000000
440,4.3052837573,0.8107671412,0.2001289909,-0.0000409624,0.9093103435,0.999756
441,4.3150684932,0.8116370778,0.1992646275,0.0000009033,0.9113540252,1.000000
442,4.3248532290,0.8111992526,0.2022015893,0.0000856202,0.9153245006,1.000000
443,4.3346379648,0.8202383764,0.1866187385,0.0001144254,0.9130973015,1.000000
444,4.3444227006,0.8235816277,0.1812846315,0.0000286053,0.9197230570,1.000000
445,4.3542074364,0.8245390390,0.1811201944,0.0000424939,0.9194125306,1.000000
446,4.3639921722,0.8261772256,0.1779617158,0.0000938676,0.9250900302,1.000000
447,4.3737769080,0.8231460328,0.1825770024,0.0001299743,0.9169085656,1.000000
448,4.3835616438,0.8273975086,0.1730218096,0.0000733986,0.9209291598,1.000000
449,4.3933463796,0.8279838535,0.1740024464,0.0001290972,0.9269882509,1.000000
450,4.4031311155,0.8268160986,0.1722536376,0.0000270020,0.9236519789,1.000000
451,4.4129158513,0.8345621860,0.1592720123,0.0001091024,0.9253464914,1.000000
452,4.4227005871,0.8369475592,0.1461572566,0.0000994396,0.9300760068,1.000000
453,4.4324853229,0.8372932091,0.1454696248,0.0000121018,0.9369791749,1.000000
454,4.4422700587,0.8411464558,0.1372480281,0.0001690981,0.9332524215,1.000000
455,4.4520547945,0.8402991789,0.1485948744,0.0000594816,0.9414174679,1.000000
456,4.4618395303,0.8430109903,0.1402568549,-0.0000017589,0.9366496632,0.999756
457,4.4716242661,0.8429855498,0.1423249916,-0.0000563636,0.9353335631,0.999756
458,4.4814090020,0.8466481517,0.1355156522,0.0001963653,0.9374731123,1.000000
459,4.4911937378,0.8493549942,0.1344592429,0.0000472410,0.9464104633,1.000000
460,4.5009784736,0.8533937001,0.1281618588,0.0000699265,0.9425106492,1.000000
461,4.5107632094,0.8562477385,0.1240950965,0.0000835722,0.9404633894,1.000000
462,4.5205479452,0.8564322173,0.1306713855,0.0001200863,0.9376162373,1.000000
463,4.5303326810,0.8573193379,0.1360070720,0.0000617075,0.9368247860,1.000000
464,4.5401174168,0.8597677234,0.1348647473,0.0001434800,0.9425823923,1.000000
465,4.5499021526,0.8638905655,0.1265733628,0.0000225202,0.9395565297,1.000000
466,4.5596868885,0.8688216780,0.1209305063,0.0001431252,0.9448297571,1.000000
467,4.5694716243,0.8708959852,0.1195919575,0.0001386531,0.9455834264,1.000000
468,4.5792563601,0.8706893057,0.1265968715,0.0001357214,0.9401281483,1.000000
469,4.5890410959,0.8764898702,0.1183444305,0.0001891438,0.9480500242,1.000000
470,4.5988258317,0.8721612849,0.1395656521,0.0001091582,0.9490789371,1.000000
471,4.6086105675,0.8715219403,0.1478834295,0.0001024085,0.9520817832,1.000000
472,4.6183953033,0.8763314985,0.1400854587,0.0000960233,0.9497877301,1.000000
473,4.6281800391,0.8786623382,0.1375530687,0.0000484328,0.9536931821,1.000000
474,4.6379647750,0.8841902426,0.1248690214,0.0000957575,0.9589195241,1.000000
475,4.6477495108,0.8870161031,0.1210255139,0.0001245605,0.9621149669,1.000000
476,4.6575342466,0.8880770897,0.1232882332,0.0000555987,0.9674450093,1.000000
477,4.6673189824,0.8867235415,0.1343609511,0.0001255994,0.9620489211,1.000000
478,4.6771037182,0.8898085070,0.1358392427,0.0001665545,0.9652132706,1.000000
479,4.6868884540,0.8920473745,0.1366530774,0.0000254849,0.9668740314,1.000000
480,4.6966731898,0.8904273755,0.1473901366,0.0000184797,0.9655103641,1.000000
481,4.7064579256,0.9013903994,0.1210873916,0.0000893638,0.9678303989,1.000000
482,4.7162426614,0.8994009496,0.1342521821,0.0000920759,0.9732441384,1.000000
483,4.7260273973,0.9028075540,0.1343001591,0.0000908335,0.9706873201,1.000000
484,4.7358121331,0.9082585756,0.1228184236,0.0000732449,0.9746826590,1.000000
485,4.7455968689,0.9100585649,0.1243143296,0.0000908492,0.9785367485,1.000000
486,4.7553816047,0.9084002578,0.1359735746,0.0000886868,0.9790073089,1.000000
487,4.7651663405,0.9128347045,0.1269798797,0.0000015155,0.9735219945,1.000000
488,4.7749510763,0.9150072415,0.1275673402,0.0000635215,0.9758603583,1.000000
489,4.7847358121,0.9150353065,0.1316470028,0.0001378973,0.9786022692,1.000000
490,4.7945205479,0.9154659613,0.1374145938,-0.0000035214,0.9825880052,0.999756
491,4.8043052838,0.9234322635,0.1071684421,0.0002028027,0.9845048163,1.000000
492,4.8140900196,0.9224209764,0.1166074050,0.0001572307,0.9832592278,1.000000
493,4.8238747554,0.9225744033,0.1138969896,0.0001141471,0.9853380037,1.000000
494,4.8336594912,0.9227962046,0.1204013670,0.0000556390,0.9941399930,1.000000
495,4.8434442270,0.9306632261,0.0988138568,0.0000746165,0.9875114039,1.000000
496,4.8532289628,0.9299640701,0.1117690400,0.0000287199,0.9913077639,1.000000
497,4.8630136986,0.9291223535,0.1258128641,0.0001363397,0.9892409777,1.000000
498,4.8727984344,0.9346343868,0.1138375843,0.0001713599,1.0063624329,1.000000
499,4.8825831703,0.9367324128,0.1160013780,0.0000890037,1.0034353214,1.000000
500,4.8923679061,0.9382283475,0.1181290640,0.0000991392,0.9944781244,1.000000
501,4.9021526419,0.9407570829,0.1157645252,0.0000619071,1.0015951011,1.000000
502,4.9119373777,0.9400003650,0.1299952676,0.0000761869,0.9994142198,1.000000
503,4.9217221135,0.9421753371,0.1288946180,0.0000654658,0.9982845811,1.000000
504,4.9315068493,0.9406954792,0.1412456148,0.0000465879,0.9967264069,1.000000
505,4.9412915851,0.9446189665,0.1350839882,0.0000804844,1.0047819705,1.000000
506,4.9510763209,0.9501468529,0.1231185822,0.0000293867,1.0001437573,1.000000
507,4.9608610568,0.9495393170,0.1315222249,0.0000425479,1.0021856829,1.000000
508,4.9706457926,0.9493029800,0.1363225764,0.0000453061,1.0071122499,1.000000
509,4.9804305284,0.9571131457,0.1137505607,0.0001006635,1.0093220173,1.000000
510,4.9902152642,0.9555583029,0.1291354086,0.0000868845,1.0092197831,1.000000
511,5.0000000000,0.9557120213,0.1359487821,0.0000762712,1.0079481298,1.000000
